company_name,country_code,dealer_type,city,state,website,email,phone,latitude,longitude,linkedin_url
AeroSmart,AE,enterprise_dealer,Dubai,Dubayy,https://www.aerosmart.ae/,sales@aerosmart.ae,+97142238380,25.259231,55.285241,
Alliance Traffic System LLC,AE,enterprise_dealer,Abu Dhabi,Abu Zaby,https://www.alliance.ae/,info.alliance.ae,+97124447677,24.477585,54.371186,
Avars Trading LLC,AE,enterprise_dealer,Dubai,Dubayy,https://gnss.ae/,geospatial@gnss.ae,+97142733944,25.10789,55.178572,
FEDS TRADING  FZE,AE,enterprise_dealer,Dubai,Dubayy,https://feds.ae/,hello@thedronecentre.ae,+971 4 425 0886,25.119579,55.377328,
MATRIX SOLUTIONS WIRELESS TELECOMMUNICATIONS EQUIPMENT TRADING L.L.C,AE,enterprise_dealer,Dubai,Dubayy,,info@matrixuvs.com,+97143529977,25.172678,55.24351,
RC Corner Trading LLC,AE,enterprise_dealer,Dubai,Dubayy,https://www.rccorner.ae/,sales@rccorner.com,+971 4 3357 899,25.236988,55.366444,
VEC INTERNATIONAL-FZCO,AE,enterprise_dealer,Dubai,Dubayy,https://dronenet.ae/,sales@vecintl.com,+971568150656,25.118858,55.37849,
AGTech360,AU,enterprise_dealer,CENTRAL QLD,Queensland,,,0414886052,-28.182333,151.438615,
APTELLA PTY LTD,AU,enterprise_dealer,MELBOURNE CITY,Victoria,https://www.aptella.com/,,+61 3 9930 7190,-37.686076,145.072953,
C.R. Kennedy & Company Pty Ltd,AU,enterprise_dealer,MELBOURNE CITY,Victoria,,,+61398231555,-37.824658,144.907112,
CLEARWATER CFA PTY LTD,AU,enterprise_dealer,BRIS CITY CNTRY,Queensland,https://greyman.com.au/,,"U8, 1631 Wynnum Rd, Tingalpa Qld 4173",-27.474755,153.131144,
CORE SECURITY GROUP,AU,enterprise_dealer,Western Australia,Western Australia,https://coresecurity.com.au/,,0863368080,-32.010119,115.924844,
D1 STORE PTY LTD,AU,enterprise_dealer,MELBOURNE CITY,Victoria,https://www.d1store.com.au/,enterprise@d1store.com.au,+61392887882,-37.764438,144.953898,
Drone Shop Perth,AU,enterprise_dealer,Western Australia,Western Australia,https://droneshopperth.com.au/,sales@droneshopperth.com.au,08 6278 1333,-31.920814,115.930529,
Drones For Hire,AU,enterprise_dealer,SYDNEY STREETS,New South Wales,https://dronesforhire.com.au/,,+611300029829,-33.879965,151.22505,
ELK Fish Robotics Pty Ltd,AU,enterprise_dealer,Western Australia,Western Australia,,,0861107423,-32.059316,115.748447,
FLIIGHT TECHNOLOGIES PTY LTD,AU,enterprise_dealer,,,https://fliight.com.au/contact,info@fliight.com.au,+(61) 428 279 876,-34.362336,150.912571,
FieldFly,AU,enterprise_dealer,Australian Capital Territory,Australian Capital Territory,https://fieldfly.com.au/,hello@fieldfly.com.au,+61 1300398766,-33.762216,151.12969,
Hunt The Night,AU,enterprise_dealer,MELBOURNE CITY,Victoria,,,+61 1300486444,-38.085346,145.509183,
K. J. ROSS & ASSOCIATES PTY LTD,AU,enterprise_dealer,BRIS CITY CNTRY,Queensland,https://kjr.com.au/,,+611300854063,-27.461903,153.025038,
Night Vision Australia Pty Ltd,AU,enterprise_dealer,SYDNEY STREETS,New South Wales,,,+61292834375,-33.944197,151.214147,
OUTCOMEX PTY LTD,AU,enterprise_dealer,SYDNEY STREETS,New South Wales,https://www.outcomex.com.au/contact-us/,,0288793888,-33.794352,151.142725,
PIONEER AU,AU,enterprise_dealer,SYDNEY STREETS,New South Wales,https://www.pioneer.net.au/,jeffl@pioneer.au,0296902888,-33.808871,151.147554,
Prisma Technologies Pty Ltd,AU,enterprise_dealer,New South Wales,New South Wales,https://prismatech.com.au/,info@prismatech.com.au,0242583489,-34.401744,150.897824,
RIPPER CORPORATION PTY LTD,AU,enterprise_dealer,SYDNEY STREETS,New South Wales,,,+61130046747737,-33.516643,151.25328,
ROCKETDNA LTD,AU,enterprise_dealer,Western Australia,Western Australia,https://www.rocketdna.com/,,+61862459194,-31.948198,115.835631,
Scavenger fire and safety,AU,enterprise_dealer,Western Australia,Western Australia,https://scavengerfiresafety.com.au/,,0895842500,-32.511354,115.745972,
SecVision Networks,AU,enterprise_dealer,PARRAMATTA,New South Wales,https://secvision.com.au/about-us/,,1300500606,-33.798129,151.003349,
Sphere Communications Pty Ltd,AU,enterprise_dealer,SYDNEY STREETS,New South Wales,,,1300846803,-33.9127,151.194245,
Ultimate Positioning Group Pty Ltd,AU,enterprise_dealer,BRIS CITY CNTRY,Queensland,,,1800800874,-27.439313,153.041364,
Boner Tecnologia,BR,enterprise_dealer,Belo Horizonte,Minas Gerais,https://boner.tec.br/,cristiano@boner.com.br,(31) 3449-6500,-19.889196,-43.94256,
CPE LOCACAO DE EQUIPAMENTOS TOPOGRAFICOS,BR,enterprise_dealer,Belo Horizonte,Minas Gerais,https://www.cpetecnologia.com.br/,lojavirtual@cpetecnologia.com.br,0800 162 9922,-19.965728,-43.955569,
DRONE VISUAL,BR,enterprise_dealer,São Paulo,Sao Paulo,https://www.dronevisual.com.br/,contato@dronevisual.com,(11) 3090-1326,-23.566463,-46.649831,
Digital Sat Distribuidora,BR,enterprise_dealer,Balneário Camboriú,Santa Catarina,http://www.digitalsat.com.br/,contato@digitalsat.com.br,(47) 3263-5555,-27.028061,-48.614233,
EMBRATOP GEOTECNOLOGIAS LTDA,BR,enterprise_dealer,São Paulo,Sao Paulo,https://embratop.com.br/,,+551150181800,-23.629564,-46.641226,
GEOMAT SOCIEDADE E COMERCIO LTDA,BR,enterprise_dealer,Belo Horizonte,Minas Gerais,https://geomat.com.br/,geomat@geomat.com.br,(31) 3273-5253,-19.922639,-43.940833,
GOHOBBY FUTURE TECHNOLOGY LTDA,BR,enterprise_dealer,São Paulo,Sao Paulo,https://www.gohobby.com.br/,,+551151032333,-23.598633,-46.689411,
Golden Distribuidora Ltda,BR,enterprise_dealer,São Paulo,Sao Paulo,https://www.goldendistribuidora.com.br/,depto.dji@goldendistribuidora.com.br,+551136466600,-23.509942,-46.718641,
IATEC PRODUTOS DE TECNOLOGIA LTDA,BR,enterprise_dealer,São Paulo,Sao Paulo,https://www.iatecps.com/,contato@iatecps.com,+55(11) 3230-1530,-23.624359,-46.702665,
Modelismobh Assistencia Tecnica Ltda,BR,enterprise_dealer,Belo Horizonte,Minas Gerais,https://www.modelismobh.com.br,contato@modelismobh.com.br,(31) 2520-7002,-19.855875,-43.955165,
NW DRONES COMERCIO E MANUTENCAO DE DRONES LTDA,BR,enterprise_dealer,Curitiba,Parana,https://www.nwdrones.com.br/,comercial@nwdrones.com.br,0800 148 2000,-25.416159,-49.268482,
ROUTE 66,BR,enterprise_dealer,Jaú,Sao Paulo,https://www.route66.com.br/,joao.samartini@route66.com.br,0800-571-6666,-22.303798,-48.552993,
Santiago & Cintra Importacao e Exportacao Ltda,BR,enterprise_dealer,Ribeirão Preto,Sao Paulo,https://santiagoecintra.com.br/,,+551639658220,-21.233087,-47.76478,
Sol Atacadista da Tecnologia Sol Comercio e Servicos da Tecnologia LTDA,BR,enterprise_dealer,Brasília,Distrito Federal,https://solatacadista.com.br/nossas-lojas/,Icaro.vale@solatacadista.com.br,61 2105-0999,-15.802335,-47.970479,
XPTO INC TECNOLOGIA LTDA,BR,enterprise_dealer,Rio de Janeiro,Rio de Janeiro,https://xptoinc.com.br/,xpto@xptoinc.com.br,(21)974577543,-22.892868,-43.19628,
Xmobots Aeroespacial e Defesa LTDA,BR,enterprise_dealer,São Carlos,Sao Paulo,https://xmobots.com.br/,contato@xmobots.com.br,0800-002-3340,-22.052528,-47.855827,
"ASI Computer Technologies, Inc.",CA,enterprise_dealer,Markham,Ontario,https://www.asipartner.ca,DJICA@asipartner.com,905-470-1000,43.839771,-79.323436,
"ASI Computer Technologies, Inc.",CA,enterprise_dealer,Richmond,British Columbia,https://www.asipartner.ca,DJICA@asipartner.com,(604) 214-0300,49.160405,-123.015864,
"ASI Computer Technologies, Inc.",CA,enterprise_dealer,Saint-Laurent,Quebec,https://www.asipartner.ca,DJICA@asipartner.com,(514) 748-9200,45.499128,-73.718317,
Cansel Survey Equipment INC.,CA,enterprise_dealer,Montreal,Quebec,https://www.cansel.ca,info@cansel.ca,1.888.222.6735,45.543932,-73.65601,
Cansel Survey Equipment INC.,CA,enterprise_dealer,Calgary,Alberta,https://www.cansel.ca,info@cansel.ca,1.888.222.6735,51.089157,-114.058053,
Cansel Survey Equipment INC.,CA,enterprise_dealer,Centre-du-Québec,Quebec,https://www.cansel.ca,info@cansel.ca,1.888.222.6735,46.805483,-71.281024,
Cansel Survey Equipment INC.,CA,enterprise_dealer,Vancouver,British Columbia,https://www.cansel.ca,info@cansel.ca,1.888.222.6735,49.200436,-123.015841,
Cansel Survey Equipment INC.,CA,enterprise_dealer,Toronto,Ontario,https://www.cansel.ca,info@cansel.ca,1.888.222.6735,43.849011,-79.380267,
DRONEXPERTS Inc.,CA,enterprise_dealer,Capitale-Nationale,Quebec,https://www.dronexperts.com,boutique@dronexperts.com,855 653 0333,46.79556,-71.281067,
Dronelogics Systems Inc.,CA,enterprise_dealer,Vancouver,British Columbia,https://candrone.com/,support@candrone.com,(778) 569-0026,49.25904,-122.932155,
MEASUR TECHNOLOGIES INC.,CA,enterprise_dealer,Vancouver,British Columbia,https://www.measur.ca/,contact@measur.ca,(778) 374-7238,49.207042,-123.102429,
MEASUR TECHNOLOGIES INC.,CA,enterprise_dealer,Calgary,Alberta,https://www.measur.ca/,contact@measur.ca,(587) 702-3627,50.997532,-113.972171,
MEASUR TECHNOLOGIES INC.,CA,enterprise_dealer,Mississauga,Ontario,https://www.measur.ca/,contact@measur.ca,(437) 253-6986,43.529196,-79.720847,
REMOTE ROBOTIC SYSTEMS INC.,CA,enterprise_dealer,Calgary,Alberta,https://remoterobotic.com/,,403 689 2285,50.99043,-113.969294,
REMOTE ROBOTIC SYSTEMS INC.,CA,enterprise_dealer,Mississauga,Ontario,https://remoterobotic.com/,,416 303 3575,43.533432,-79.675418,
REMOTE ROBOTIC SYSTEMS INC.,CA,enterprise_dealer,Montreal,Quebec,https://remoterobotic.com/,,514 656 8901,45.577865,-73.449778,
Terra Excel Constructor Corporation,CA,enterprise_dealer,Edmonton,Alberta,https://www.terraexceldrones.com,info@terraexceldrones.com,17809243525,53.715019,-113.180387,
Volatus Aerospace Corp.,CA,enterprise_dealer,Quebec City,Quebec,,enterprise@volatusdrones.ca,+1 855-741-8324,46.768659,-71.324725,
Volatus Aerospace Corp.,CA,enterprise_dealer,Winnipeg,Manitoba,,enterprise@volatusdrones.ca,+1 855-741-8324,49.890212,-97.145325,
Volatus Aerospace Corp.,CA,enterprise_dealer,Woodbridge,Ontario,,enterprise@volatusdrones.ca,+1 855-741-8324,43.770537,-79.63172,
Volatus Aerospace Corp.,CA,enterprise_dealer,Prince County,Prince Edward Island,,enterprise@volatusdrones.ca,+1 855-741-8324,46.439553,-63.83136,
Volatus Aerospace Corp.,CA,enterprise_dealer,Vancouver,British Columbia,,enterprise@volatusdrones.ca,+1 855-741-8324,49.290123,-123.133331,
Volatus Aerospace Corp.,CA,enterprise_dealer,Montreal,Quebec,,enterprise@volatusdrones.ca,+1 855-741-8324,45.463878,-73.826031,
ATE Akademie für Technologie und Entwicklung GmbH,DE,enterprise_dealer,,,https://www.drone-safety.de,info@ate-sh.de,+49 173 6169789,54.087178,10.005901,
Airclip Service GmbH & CO KG,DE,enterprise_dealer,Dresden,Sachsen,https://www.airclip.de,info@airclip.de,+49 351 21168690,51.048959,13.70952,
Airteam Aerial Intelligence GmbH,DE,enterprise_dealer,Berlin,Berlin,https://www.airteam.ai,info@airteam.ai,+49 30 37 580 830,52.495092,13.395331,
BIT Informationssysteme GmbH,DE,enterprise_dealer,Wendelsheim,Rhineland-Palatinate,https://www.drohne112.de,info@drohne112.de,+49 800 2484636,49.75835,7.98431,
CADdy Geomatics. GmbH,DE,enterprise_dealer,Muenchen,Bayern,https://www.caddy-geomatics.de,info@caddy-geomatics.de,+49 89 4274220,48.132013,11.660265,
Copter-expert GmbH,DE,enterprise_dealer,Hannover,Niedersachsen,https://www.copter-expert.de,info@copter-expert.de,+49 511 52959140,52.429172,9.830127,
CopterPro GmbH,DE,enterprise_dealer,,,https://www.copterpro.de,info@copterpro.de,+49 6752 13 13 70,49.787817,7.458516,
CopterTec,DE,enterprise_dealer,Kuerten,Nordrhein-Westfalen,https://www.coptertec.de,info@coptertec.de,+49 2196 8899091,51.031054,7.263824,
Drohnen-Shop.de (Lubo Tech GmbH),DE,enterprise_dealer,Hamburg,Hamburg,https://www.drohnen-shop.de,info@drohnen-shop.de,+49 41819398797,53.332536,9.861144,
Drohnenflugschule24 GmbH,DE,enterprise_dealer,,,https://www.drohnenflugschule24.de,kontakt@drohnenflugschule24.de,+49 391 55 86 42 52,52.077574,11.620764,
Droneparts GmbH,DE,enterprise_dealer,,,https://www.droneparts.de,info@droneparts.de,+49 7143 9098592,48.992206,9.188652,
Droniq GmbH,DE,enterprise_dealer,,,https://www.droniq.de,info@droniq.de,+49 69 509547 400,50.135125,8.655712,
Dönges GmbH &Co. KG,DE,enterprise_dealer,Regierungsbezirk Köln,Nordrhein-Westfalen,https://shop.doenges-rs.de/,info@doenges-online.de,+49 2196 9756 0,51.146854,7.194712,
Epotronic GmbH,DE,enterprise_dealer,,,https://www.epotronic.com,info@epotronic.com,+49 211 5 98929 10,51.167631,6.838998,
GDDC GmbH,DE,enterprise_dealer,Kiel,Schleswig-Holstein,https://www.gddc-sh.de/,kontakt@gddc-sh.de,+49 (0)4351 7677300,54.444465,9.830365,
Kitzrettungsdrohne,DE,enterprise_dealer,,,https://www.kitzrettungsdrohne.de,info@kitzrettungsdrohne.de,,49.13096,12.818938,
Kopterzentrale GmbH,DE,enterprise_dealer,Hannover,Niedersachsen,https://www.kopterzentrale.de,info@kopterzentrale.de,+49 511 94041972,52.491583,9.766687,
Mediatec,DE,enterprise_dealer,Frankfurt Am Main,Hessen,https://www.mediatec.de/,info@mediatec.de,0221 - 8880-0,51.262579,6.987969,
Most Robotics,DE,enterprise_dealer,Wulften,Niedersachsen,,,+4955568509631,51.665514,10.169271,
ProFlyCenter GmbH,DE,enterprise_dealer,Bad Schoenborn,Baden-Württemberg,https://proflycenter.com/,,info@proflycenter.com,49.226178,8.649864,
Profunk electric Service GmbH,DE,enterprise_dealer,Cottbus,Brandenburg,https://www.profunk.eu/,info@profunk.eu,0355 2890220,51.720004,14.314424,
Solectric GmbH,DE,enterprise_dealer,Ubstadt-Weiher,Baden-Württemberg,https://solectric.eu/,info@solectric.eu,,49.173145,8.616234,
U-ROB GmbH,DE,enterprise_dealer,,,https://www.u-rob.com,info@u-rob.com,+49 5206 9185111,52.084545,8.508912,
Viscan GmbH,DE,enterprise_dealer,Regierungsbezirk Stuttgart,Baden-Württemberg,https://viscan.de/,,+49 152 010 923 50,49.114333,9.77823,
Wolfgang Herm,DE,enterprise_dealer,,,https://www.w-herm.de,info@sar-systeme.eu,+49 8851 8289518,47.660035,11.370078,
geoplana Ingenieurgesellschatt mbH für Photogrammetrie,DE,enterprise_dealer,Regierungsbezirk Stuttgart,Baden-Württemberg,https://www.geoplana.de/,geoplana@geoplana.de,07144 / 83333-0,49.082279,9.352804,
thermal DRONES GmbH,DE,enterprise_dealer,,,https://www.thermaldrones.de,info@thermaldrones.de,+49 3834 39195 30,54.095515,13.384613,
ACRE SOLUCIONES TOPOGRAFICAS ALQUILER Y VENTA SLhttps://grupoacre.es/,ES,enterprise_dealer,Toledo,Castilla - La Mancha,https://www.grupoacre.es,info@grupoacre.com,+34 90 249 08 39,40.125305,-3.831943,
AEROMEDIA UAV SL,ES,enterprise_dealer,Asturias,Asturias,https://aeromedia.es/,,981 901 768,43.4354,5.8504,
AL-TOP,ES,enterprise_dealer,Barcelona,Cataluna,https://al-top.com/,,+34 933 40 05 73,41.415722,2.188189,
ATYGES INGENIERIA,ES,enterprise_dealer,Málaga,Andalucia,https://atyges.es,,+34 952 02 06 00,36.737777,-4.551257,
BINARY SYSTEMS SL,ES,enterprise_dealer,Santa Cruz de Tenerife,Canarias,https://www-6.binarycanarias.com/,,tenerife@binarycanarias.com,28.458042,-16.266767,
"CARLIBUR, S.L.",ES,enterprise_dealer,Burgos,Castilla - Leon,https://aerobur.es/,,info@aerobur.es,42.351958,-3.660119,
CASMAR ELECTRONICA SA,ES,enterprise_dealer,Barcelona,Cataluna,https://www.casmarglobal.com/es/,,https://www.casmarglobal.com/es/,39.9109,116.4133,
Global Geosystems,ES,enterprise_dealer,A Coruña,Galicia,https://global-geosystems.com/,info@global-geosystems.com,+34981943235,43.054447,-8.263997,
INSTOP,ES,enterprise_dealer,Barcelona,Cataluna,https://www.instop.es/drone/drone-dji-enterprise.php,info@instop.es,+34938039576,42.269669,3.753736,
MURCIA DRONES,ES,enterprise_dealer,Murcia,Murcia,https://www.murciadrones.es/,ventas@murciadrones.es,+34868630105,38.819051,0.814872,
StockRc FPV Aeromodelismo sl,ES,enterprise_dealer,Madrid,Madrid,https://www.djiarsmadrid.com,industrial@djiarsmadrid.com,+34 913 1614 15,40.503758,-3.892228,
"WOLF AVIONIC, S.L.U.",ES,enterprise_dealer,Madrid,Madrid,https://www.wolfavionic.com/,,tiendadji@wolfavionic.com,40.532366,-3.890901,
Argenbright Security Europe Limited - ASE,GB,enterprise_dealer,Wood Green,Haringey,https://asel.co.uk/,sales@asel.co.uk,(+44)03452997399,51.596912,-0.1131,
Aviation Systems Group Ltd,GB,enterprise_dealer,Castle Cary,Somerset,https://asg.ltd,info@asg.ltd,08002118400,51.09569,-2.093222,
BLD Blue Lights Digital,GB,enterprise_dealer,Melbourn,Cambridgeshire,https://www.bluelightsdigital.com,enquiries@bluelightsdigital.com,(+44)01223919607,52.095847,0.128745,
Caelus Drones Ltd t/a Enterprise UAV.,GB,enterprise_dealer,Clitheroe,Lancashire,https://www.enterpriseuav.co.uk,info@enterpriseuav.co.uk,+44(0)1200 871 146,53.870422,-2.391829,
Cellcom Ltd,GB,enterprise_dealer,Clifton,Nottingham,https://dji-retail.co.uk,info@dji-retail.co.uk,0800 058 4109,53.043814,-1.082947,
Colena Ltd(Heliguy),GB,enterprise_dealer,Longbenton,North Tyneside,https://www.heliguy.com/,info@heliguy.com,+44 1912 961 024,55.04058,-1.46892,
Coptrz Ltd,GB,enterprise_dealer,City and Hunslet Ward,Leeds,https://coptrz.com/,info@coptrz.com,(+44) 0330 111 7177,53.79869,-1.547856,
Drone Pilot Academy Ltd,GB,enterprise_dealer,Brierley,Barnsley,https://www.dronepilotacademy.co.uk,enquiries@dronepilotacademy.co.uk,(+44) 01226 785784,53.565622,-1.504204,
Drone Safe Register Ltd,GB,enterprise_dealer,Chichester,West Sussex,https://dronesaferegister.org.uk/,info@dronesaferegister.org.uk,(+44) 01243859444,50.851854,-0.744816,
Elite Optical Distribution Limited,GB,enterprise_dealer,Exeter,Devon,https://www.eliteoptical.co.uk/,trade@eliteoptical.co.uk,01803 658369,50.723528,-3.463547,
Inspectahire Instrument Co. Limited,GB,enterprise_dealer,Helensburgh,Argyll and Bute,,enquiries@inspectahire.com,+44 (0)1224 789692,56.005779,-4.751664,
Iprosurv Ltd,GB,enterprise_dealer,Todwick,Rotherham,https://www.iprosurv.com,,(+44) 1144 055007,53.498407,-1.317225,
SYNDICO DISTRIBUTION LTD,GB,enterprise_dealer,Southampton,Southampton,https://www.syndico.net,syndico@syndico.net,(+44) 01489 287 287,50.92628,-1.30753,
Survey Supplies Limited - trading as KOREC,GB,enterprise_dealer,Garston,Liverpool,https://www.korecgroup.com/geospatial-products/,info@korecgroup.com,+44 (0) 345 603 1214,53.496017,-3.031406,
Team UAV,GB,enterprise_dealer,Bromsgrove,Worcestershire,https://www.teamuav.uk,,0330 113 3888,52.299011,-2.077631,
iRed Limited,GB,enterprise_dealer,Havant,Hampshire,https://ired.co.uk/,hello@ired.co.uk,(+44) 01243370296,50.846716,-0.934049,
3D Target,IT,enterprise_dealer,Brescia,Lombardia,https://www.3dtarget.it,commerciale@3dtarget.it,+39 030 5357677,45.479998,10.278605,
Aermatica 3D,IT,enterprise_dealer,Como,Lombardia,https://www.aermatica.com/,info@aermatica.com,+39 031 552070,45.789482,8.990209,
AprFlyTech Store S.R.L.,IT,enterprise_dealer,Milano,Lombardia,https://www.aprflytech.it/,commerciale@aprflytech.it,+39 02 8278 4983,45.582856,9.145065,
BPG RADIOCOMUNICAZIONI S.R.L,IT,enterprise_dealer,Torino,Piemonte,,commerciale@bpg.it,+39 0121 800669,44.943795,7.226173,
Drone Emotions Srl（Drone-Store）,IT,enterprise_dealer,Monza e Brianza,Lombardia,https://www.drone-store.it/,info@dronemotions.net,+39 3474333302,45.652812,9.253173,
DroneBaseS.R.L,IT,enterprise_dealer,Rimini,Emilia-Romagna,https://Shop.dronebase.it,info@dronebase.it,+39 05411790411,44.080438,12.518016,
DroneZone SRL,IT,enterprise_dealer,Pordenone,Friuli-Venezia Giulia,https://www.drone-zone.it/,,+39 0434 169 7154,45.942696,12.678933,
Dronipro / ICT Cube Srl,IT,enterprise_dealer,Bari,Puglia,https://www.dronipro.it,info@dronipro.it,+39-351 376 7443,40.975681,16.917165,
EXSAL S.R.L.,IT,enterprise_dealer,Salerno,Campania,https://www.exsal.it/,info@exsal.it,+39 089 274704,40.697011,14.77597,
Easydrone / Easy Phone s.r.l,IT,enterprise_dealer,Napoli,Campania,https://easydroneshop.it/it/,info@easydroneshop.it,+39 0818273675,41.018211,14.540935,
HORUS DYNAMICS SRL,IT,enterprise_dealer,Bergamo,Lombardia,https://www.horusdynamics.com/,info@horusdynamics.com,+39 03519900472,45.712978,9.681119,
Ifly Srl,IT,enterprise_dealer,Modena,Emilia-Romagna,https://ifly.it/,,+39 347 3517480,44.583971,10.854986,
Intersystem SRL,IT,enterprise_dealer,Roma,Lazio,https://www.drone4business.com,intersystem@legalmail.it,+39 06 41.90.650  (6 linee r.a),41.945909,12.606726,
LE Soluzioni Srl,IT,enterprise_dealer,Bari,Puglia,https://www.enzolaterza.it/,info@enzolaterza.it,+39 333 7030168,40.846491,17.125976,
MICROGEO SRL,IT,enterprise_dealer,Firenze,Toscana,https://www.microgeo.it/,info@microgeo.it,+39 0558954766,43.852006,11.148704,
NEWDRONE / COMHAS SRL,IT,enterprise_dealer,Milano,Lombardia,https://www.newdrone.it,info@newdrone.it,02.61298551,45.553289,9.233763,
PC NET SERVICE SRL,IT,enterprise_dealer,Roma,Lazio,https://www.dronestore.it,dji@pcnetservice.it,+39656548127,41.93886,12.422854,
PersonalDrones / Studio Decumano SRL,IT,enterprise_dealer,Roma,Lazio,https://www.personaldrones.it/,info@personaldrones.it,+39 347 1886185,42.065797,12.497414,
Sky Crab S.R.L.,IT,enterprise_dealer,Bergamo,Lombardia,https://skycrabacademy.net/,info@skycrab.net,+ 39 331 1352166,45.694571,9.674232,
Videolinea System SRL,IT,enterprise_dealer,Firenze,Toscana,https://www.videolinea.com/it/,info@videolinea.com,+39 055 69 13 71,43.734031,11.294948,
HELICAM株式会社,JP,enterprise_dealer,Sapporo Shi,Hokkaido,https://www.helicam.jp/company/,support@helicam.jp,+81 011-200-9785,43.098296,141.312841,
ITH合同会社,JP,enterprise_dealer,Hachinohe Shi,Aomori Ken,https://ith-jp.com/,office@ith-jp.com,+81  0178-20-9858,40.513737,141.510191,
Terra Drone株式会社,JP,enterprise_dealer,Shibuya Ku,Tokyo To,https://terra-drone.net/,terra-hardware@terra-drone.co.jp,+81 03-6419-7193,35.658711,139.707487,
Tohasen Robotics株式会社,JP,enterprise_dealer,Hachioji Shi,Tokyo To,,info@tohasen-robotics.com,+81 042-649-8360,35.674116,139.369351,
fly 株式会社,JP,enterprise_dealer,Meguro Ku,Tokyo To,https://teamfly.jp/,info@teamfly.jp,03-6820-6390,35.6346,139.713705,
スカイシーカー,JP,enterprise_dealer,Chiyoda Ku,Tokyo To,https://skyseeker.jp/,info@skyseeker.jp,+81 03-6260-8960,35.693119,139.772888,
スカイベアー,JP,enterprise_dealer,Kumamoto Shi,Kumamoto Ken,https://www.sky-bear.com/,dorone@sky-bear.com,+81 096-247-6953,32.735172,130.648868,
ドローン・テクノサポート株式会社,JP,enterprise_dealer,Kobe Shi,Hyogo Ken,https://www.dts-jpn.com/,,+81 0120-154-156,34.732138,135.252494,
ブルーイノベーション株式会社,JP,enterprise_dealer,Bunkyo Ku,Tokyo To,https://www.blue-i.co.jp/,https://www.blue-i.co.jp/contact/,+81 03-6801-8781,35.712139,139.755069,
ルーチェサーチ株式会社,JP,enterprise_dealer,Hiroshima Shi,Hiroshima Ken,https://luce-s.net/,,https://luce-s.net/contact/,34.401683,132.475009,
南榮工業株式会社,JP,enterprise_dealer,Miyakonojo Shi,Miyazaki Ken,https://japandronecenter.com/,info-drone@nan-a.co.jp,+81 0986-38-6262,31.762607,131.099599,
合同会社北海道スカイビュー,JP,enterprise_dealer,Sapporo Shi,Hokkaido,https://sky-view.jp/,info@sky-view.jp,+81 011-376-5488,43.030517,141.423055,
喜多機械産業株式会社,JP,enterprise_dealer,Tokushima Shi,Tokushima Ken,https://kitakikai.co.jp/,,+81 088-631-9266,34.074171,134.509951,
有限会社ヒラオカ,JP,enterprise_dealer,Izumo Shi,Shimane Ken,https://www.drone-sc.jp/,shimane.dsc@gmail.com,+81 0853-48-2600,35.329396,132.786061,
東洋エンジニア株式会社,JP,enterprise_dealer,Otsu Shi,Shiga Ken,https://www.toyo-engineer.com/,drone-shiga@toyo-engineer.com,+81 077-585-0100,35.003264,135.886032,
株式会社AIRSTAGE,JP,enterprise_dealer,Kawakami Gun,Hokkaido,https://www.rc-airstage.com,service-center@rc-airstage.com,+81-011-887-8263,43.478583,144.463924,
株式会社BEES,JP,enterprise_dealer,Takaoka Shi,Toyama Ken,https://www.bees-uav.co.jp/,info@bees-uav.co.jp,+81 0766-62-1011,36.671786,136.99869,
株式会社FLIGHTS,JP,enterprise_dealer,Shibuya Ku,Tokyo To,https://flightsinc.jp/,md@droneagent.jp,+81 03-5860-1023,35.657056,139.696066,
株式会社Fujitaka,JP,enterprise_dealer,Kyoto Shi,Kyoto Fu,https://www.fujitaka.com/fdps/,juavac-kyoto@fujitaka.com,+81 075-371-9900,34.988942,135.755942,
株式会社GEOソリューションズ,JP,enterprise_dealer,Nishinomiya Shi,Hyogo Ken,https://geo-sol.co.jp/,https://geo-sol.co.jp/contact,+81 0798-37-1280,34.737998,135.339232,
株式会社NSi真岡,JP,enterprise_dealer,Haga Gun,Tochigi Ken,https://nsimoka.com/,nsi_official@nsimoka.com,+81 0285-81-6675,36.557065,140.153651,
株式会社TRIPLE7,JP,enterprise_dealer,Osaka Shi,Osaka Fu,https://www.triple7.biz/,drone_div@triple7.biz,03-6826-0303,34.740473,135.50142,
株式会社あおい装飾,JP,enterprise_dealer,Yurihonjo Shi,Akita Ken,https://www.aoi-drone.com/,https://www.aoi-drone.com/contact/,+81 0184-74-5028,39.394831,140.028228,
株式会社いとう,JP,enterprise_dealer,Nagano Shi,Nagano Ken,https://www.itoh.co.jp/,https://www.itoh.co.jp/contact,+81 026-221-4300,36.642152,138.234092,
株式会社エアロテック,JP,enterprise_dealer,Nagoya Shi,Aichi Ken,https://aero-tech.jp/,,+81 052-684-7814,35.121317,136.913603,
株式会社セキュリティデザイン,JP,enterprise_dealer,Chiyoda Ku,Tokyo To,https://www.security-d.com/,https://www.security-d.com/contact/,03-5280-9221,35.69335,139.760721,
株式会社センシンロボティクス,JP,enterprise_dealer,Shinagawa Ku,Tokyo To,https://www.sensyn-robotics.com/,https://www.sensyn-robotics.com/contact,+81 03-5488-6106,35.606232,139.730742,
株式会社ソッキテック,JP,enterprise_dealer,Maebashi Shi,Gumma Ken,http://www.sokitec.co.jp/,http://www.sokitec.co.jp/mail.html,+81 027-235-1177,36.421873,139.056053,
株式会社ハニービーワークス,JP,enterprise_dealer,Hiroshima Shi,Hiroshima Ken,https://www.hbworks.co.jp/,https://www.hbworks.co.jp/contact/,+81 082-554-5382,34.392711,132.440734,
株式会社フォト・オフィスオーツー,JP,enterprise_dealer,Joetsu Shi,Niigata Ken,https://susc.jp/membership/sekidogroup/ngj/,photooo2@ka2.so-net.ne.jp,+81 025-530-7718,37.155822,138.247475,
株式会社プロクルー,JP,enterprise_dealer,Nagahama Shi,Shiga Ken,https://procrobo.com/,https://procrobo.com/support-faq/,+81 0749-62-2762,35.355996,136.280864,
株式会社プログレス,JP,enterprise_dealer,Sanjo Shi,Niigata Ken,https://www.sekidongk.com/,contact_ngk@sekidopartners.com,+81 0256-47-1940,37.619259,138.948458,
株式会社ポラリスエクスポート,JP,enterprise_dealer,Nagoya Shi,Aichi Ken,https://www.polaris-export.com/,info@polaris-export.com,+81 052-243-2805,35.157657,136.909019,
株式会社ミラテクドローン,JP,enterprise_dealer,Shinagawa Ku,Tokyo To,https://www.miratecdrone.co.jp/,,+81 03-5496-5851,35.619172,139.714651,
株式会社レイメイセキド,JP,enterprise_dealer,Fukuoka Shi,Fukuoka Ken,https://susc.jp/membership/sekidogroup/fko/about/,https://susc.jp/membership/sekidogroup/fko/contact/,092-262-2262,33.598702,130.404092,
株式会社佐藤商事,JP,enterprise_dealer,Kawasaki Shi,Kanagawa Ken,https://ureruzo.com/index.htm,est@ureruzo.com,044-738-0622,35.577686,139.657848,
株式会社公楽開発,JP,enterprise_dealer,Sendai Shi,Miyagi Ken,https://ds-sendai.jp/product/industrial,drone@ds-sendai.jp,+81  022-224-8118,38.250015,140.880392,
株式会社埼玉測機社,JP,enterprise_dealer,Saitama Shi,Saitama Ken,https://www.sokkisha.net/,https://www.sokkisha.net/contact/,+81 048-861-2111,35.855918,139.623523,
株式会社市重郎建設,JP,enterprise_dealer,Tendo Shi,Yamagata Ken,,info@droneplus-ijr.com,023-652-0181,38.373889,140.378392,
株式会社快適空間FC,JP,enterprise_dealer,Fukuoka Shi,Fukuoka Ken,https://www.kaiteki-fc.co.jp/,info@kaiteki-fc.co.jp,+81 092-400-7006,33.580721,130.466665,
株式会社旭テクノロジー,JP,enterprise_dealer,Himeji Shi,Hyogo Ken,https://atcl.co.jp/,https://atcl.co.jp/contact,+81 079-290-5691,34.842316,134.627487,
株式会社矢野商店,JP,enterprise_dealer,Tokushima Shi,Tokushima Ken,https://susc.jp/membership/sekidogroup/tsc/about/,https://susc.jp/membership/sekidogroup/tsc/contact/,+81 088-663-2355,34.047988,134.567209,
株式会社空撮技研,JP,enterprise_dealer,Kanonji Shi,Kagawa Ken,https://www.multicopter.co.jp/,info@multicopter.co.jp,+81 0875-54-2600,34.076157,133.678907,
株式会社竹谷商事,JP,enterprise_dealer,Osaka Shi,Osaka Fu,https://taketani.co.jp/,info@taketani.co.jp,+ 81 06-6661-6946,34.633356,135.508526,
楽天ドローン株式会社,JP,enterprise_dealer,Setagaya Ku,Tokyo To,https://drone.rakuten.co.jp/,incb-umsd-contact@mail.rakuten.com,050-5432-0680,35.610605,139.630069,
深空株式会社,JP,enterprise_dealer,Osaka Shi,Osaka Fu,https://shinkudrone.com/,info@shinkudrone.com,+81 06-4300-4250,34.654641,135.526277,
金井度量衡株式会社,JP,enterprise_dealer,Niigata Shi,Niigata Ken,https://www.geometrix.jp/,https://www.geometrix.jp/form/contact/,+81 025-283-8800,37.904072,139.045542,
BIT Corporation,KR,enterprise_dealer,Jeollabuk-do,Jeollabuk-do,https://bit-drone.com/default/,,063-271-7089,35.860052,127.127311,
Corporation GAION,KR,enterprise_dealer,Gyeonggi-do,Gyeonggi-do,https://www.gaion.kr/,marketing@gaion.kr,02-2051-9595,37.398321,126.966542,
ECOROBOTECH Ltd.,KR,enterprise_dealer,Incheon-gwangyeoksi,Incheon-gwangyeoksi,https://ecorobotech.co.kr/,,,37.520096,126.615894,
ECOROBOTECH Ltd.,KR,enterprise_dealer,Incheon-gwangyeoksi,Incheon-gwangyeoksi,https://ecorobotech.co.kr/,,032-724-9181,37.521269,126.6113,
HANCOMACADEMY INC.,KR,enterprise_dealer,Gyeonggi-do,Gyeonggi-do,https://www.hancomacademy.com/aboutus/index.php#,onlineedu@hancomacademy.com,010-9912-5035,37.400979,127.112216,
Hanbit Drone,KR,enterprise_dealer,Incheon-gwangyeoksi,Incheon-gwangyeoksi,https://www.hanbitdrone.com/,,0322534500,37.519701,126.611009,
"Helsel Co.,Ltd.",KR,enterprise_dealer,Gyeonggi-do,Gyeonggi-do,https://www.helsel.co.kr/,,,37.558501,127.20496,
KOSECO Ltd.,KR,enterprise_dealer,Seoul-teukbyeolsi,Seoul-teukbyeolsi,,,02-2645-6358,37.507918,126.870727,
KOSECO Ltd.,KR,enterprise_dealer,Seoul-teukbyeolsi,Seoul-teukbyeolsi,https://koseco.co.kr/,,,37.507702,126.870704,
"MGIT Co., Ltd.",KR,enterprise_dealer,Gyeongsangnam-do,Gyeongsangnam-do,https://mgitcorp.com/,,0552620750,35.241064,128.631486,
"Remap Co., Ltd（리맵）",KR,enterprise_dealer,Daejeon-gwangyeoksi,Daejeon-gwangyeoksi,https://remap.kr/,remaps@remap.kr,070-4667-1673,36.357422,127.302805,
Solvit Inc.,KR,enterprise_dealer,Gyeonggi-do,Gyeonggi-do,https://slvt.co.kr/,,,37.533746,126.958785,
TEIXON co.ltd,KR,enterprise_dealer,Seoul-teukbyeolsi,Seoul-teukbyeolsi,https://teixon.com/teixonde/index.html?lang=en,support@teixon.com,+82 2-468-1197,37.426549,126.996465,
"Young In Mobility Co., Ltd.",KR,enterprise_dealer,Seoul-teukbyeolsi,Seoul-teukbyeolsi,https://www.younginmobility.com,info@younginmo.com,02-6077-3600,37.485874,127.021543,
"Young In Mobility Co., ltd",KR,enterprise_dealer,Seoul-teukbyeolsi,Seoul-teukbyeolsi,https://www.younginmobility.com,,02-6077-3600,37.485874,127.021543,
주식회사엔젤스윙（angelswing）,KR,enterprise_dealer,Seoul-teukbyeolsi,Seoul-teukbyeolsi,,,+8801036139327,37.490963,127.030107,
Akademia UAV,PL,enterprise_dealer,Warszawa,Mazovia,https://dronydlafirmy.pl/,biuro@akademia-uav.pl,+48 733 311 255,52.071822,20.87803,
BZB UAS Spótka z ograniczona odpowiedzialnoscia,PL,enterprise_dealer,Wrocław,Lower Silesia,https://www.bzbuas.com/,sales@bzbuas.com,+48507265115,51.079637,17.072342,
CYBID sp. z o.o. sp.k.,PL,enterprise_dealer,Kraków,Lesser Poland Voivodeship,https://www.cybid.com.pl/,biuro@cybid.com.pl,+48126654010,50.092957,19.958289,
Cyber-Shop,PL,enterprise_dealer,Powiat krakowski,Lesser Poland Voivodeship,https://cyber-shop.pl/,biuro@cyber-shop.pl,+48602156680,50.373193,20.644154,
DRONE EXPRESS,PL,enterprise_dealer,Białystok,Podlasie,https://flyawayplus.eu/,,+48858777121,53.135512,23.133093,
Drony.net,PL,enterprise_dealer,Powiat brodnicki,Kujawsko-Pomorskie,https://www.drony.net/,bok@drony.net,+48 607 257 628,53.28497,19.469197,
Eltrox Sp. z o. o.,PL,enterprise_dealer,Gdańsk,Pomerania,https://www.eltrox.pl/,gdansk@eltrox.pl,+48583264911,54.393186,18.584182,
FLYELECTRONICS,PL,enterprise_dealer,Powiat pszczyński,Silesia,https://flystore.pl/,sklep@flystore.pl,+48327579399,49.991492,18.912811,
GEOLINE,PL,enterprise_dealer,Zabrze,Silesia,https://geoline.pl/,geoline@geoline.pl,+48324281130,50.304268,18.753566,
GPS GLOBAL SOLUTIONS sp. z o.o.,PL,enterprise_dealer,Powiat bydgoski,Kujawsko-Pomorskie,https://gpsglobalsolutions.com/,info@gpsglobalsolutions.com,+48666684440,53.145041,18.149924,
GRODNO SPÓŁKA AKCYJNA,PL,enterprise_dealer,Opole,Opole Voivodeship,https://www.grodno.pl/en,wspolpraca@grodno.pl,+48227724515,52.362458,21.016122,
Geotronics Dystrybucja Sp. z o.o.,PL,enterprise_dealer,Kraków,Lesser Poland Voivodeship,https://geotronics.com.pl/,biuro@geotronics.com.pl,+48124161600,50.068105,20.012821,
IRONSKY,PL,enterprise_dealer,Poznań,Greater Poland,https://ironsky.pl/,sklep@ironsky.pl,+48503503517,52.3591,16.516492,
Lotom Dronem,PL,enterprise_dealer,Powiat łódzki wschodni,Łódź Voivodeship,https://lotomdronem.pl/,lotomdronem@gmail.com,+48 795 823 203,52.103859,19.480572,
NaviGate Sp. z o.o.,PL,enterprise_dealer,Powiat krakowski,Lesser Poland Voivodeship,https://navigate.pl/,sklep@navigate.pl,+48 12 200 22 28,50.031094,19.941822,
SKY SCAFF,PL,enterprise_dealer,Gdynia,Pomerania,https://megadron.pl/en/,sklep@megadron.pl,881 422 768,54.470995,18.498401,
SNH GROUP,PL,enterprise_dealer,Wrocław,Lower Silesia,https://snhdrones.pl/,sklep@snhdrones.pl,+48733122887,51.109408,16.999981,
Sitech Poland sp. z o.o.,PL,enterprise_dealer,Kraków,Lesser Poland Voivodeship,https://sitech-poland.pl/,biuro@sitech-poland.pl,+48123541901,50.040093,19.96559,
Supron1,PL,enterprise_dealer,Powiat olkuski,Lesser Poland Voivodeship,https://supron1.pl,sklep@supron1.com.pl,+48326455222,50.305027,19.575631,
TAXUS IT,PL,enterprise_dealer,Warszawa,Mazovia,https://taxusit.pl/,kontakt@taxusit.pl,+48226590909,52.202461,20.921229,
TPI sp. Z o.o,PL,enterprise_dealer,Warszawa,Mazovia,https://tpi.com.pl/,tpi@tpi.com.pl,+48 22 632 91 40,52.21334,21.104506,
Trukszyn,PL,enterprise_dealer,Szczecin,West Pomerania,https://trukszyn.pl/,,+48690634404,53.496295,14.353762,
"aeroMind sp. z o.o., sp.k.",PL,enterprise_dealer,Poznań,Greater Poland,https://aeromind.pl/main-eng.html,kontakt@aeromind.pl,+48 61 307 10 30,52.417858,16.881444,
Dynamic Cloud,SA,enterprise_dealer,Khobar,Ash Sharqiyah,https://www.dynamiccloud.com/,info@dynamiccloud.com,+966536935043,26.334481,50.190883,
Glider Aerial Solutions,SA,enterprise_dealer,Riyadh,Ar Riyad,https://www.glider-aerial.com/,,hi@glider-aerial.com,24.773036,46.685207,
KOKBA ALHALLOUL,SA,enterprise_dealer,Riyadh,Ar Riyad,https://www.kokba.sa/,sales@kokba.sa,+966 55 192 6643,24.808185,46.61549,
Nine Tenths Trading Co,SA,enterprise_dealer,Riyadh,Ar Riyad,,info@9tenthsco.com,+966 92 001 5910,25.268234,46.595222,
SAUDI SICLI COMPANY,SA,enterprise_dealer,Jeddah,Makkah al Mukarramah,https://www.saudisicli.com.sa/,info@saudisicli.com.sa,+966 9200 05293,21.42557,39.23189,
Shamal Technologies,SA,enterprise_dealer,Dammam,Ash Sharqiyah,https://shamal.sa/,hello@shamal.sa,+966 530301370,22.306715,39.106915,
Terra Drone Arabia,SA,enterprise_dealer,Al Bahah,Al Bahah,https://terra-drone.com.sa/,,info@terra-drone.com.sa,24.825083,46.565434,
Avetics Global Pte Ltd,SG,enterprise_dealer,Singapore,Central Singapore,https://www.avetics.com,team@avetics.com,+65 96324034,1.356455,103.837662,
13 Store Company limited,TH,enterprise_dealer,Bangkok,Bangkok,,,0656946155,13.7563,100.5018,
"Aero Group Co., Ltd",TH,enterprise_dealer,Bangkok,Bangkok,,,nutthapong.c@droneai.co.th,13.7563,100.5018,
"B INNOVATION CO., LTD.",TH,enterprise_dealer,Bangkok,Bangkok,,,020963189,13.7563,100.5018,
"EASY (2018) CO., LTD.(Nacdrone)",TH,enterprise_dealer,Bangkok,Bangkok,,,02 158 8888,13.7563,100.5018,
GLOBAL INFORMATION COMPANY LIMITED,TH,enterprise_dealer,Bangkok,Bangkok,https://www.gi-information.com/about/,,admin@gi-information.com,13.7563,100.5018,
"MEASURETRONIX CO., LTD.",TH,enterprise_dealer,Bangkok,Bangkok,,,084 7107667,13.7563,100.5018,
"PDA THAI CO., LTD.",TH,enterprise_dealer,Bangkok,Bangkok,,,info@mjg.co.th,13.7563,100.5018,
PHT INTERTRADE COMPANY LIMITED,TH,enterprise_dealer,Bangkok,Bangkok,,,062-594-5650,13.7563,100.5018,
"PICCASUS CO.,LTD.",TH,enterprise_dealer,Bangkok,Bangkok,,,02 403 1850,13.7563,100.5018,
"POLADRONE DISTRIBUTION CO., LTD(AONIC)",TH,enterprise_dealer,Bangkok,Bangkok,,,081 150 0058,13.7563,100.5018,
"Systronics Co.,Ltd.",TH,enterprise_dealer,Bangkok,Bangkok,https://www.systronics.co.th/,info@systronics.co.th,+66 28791127-9,13.802401,100.512279,
"THAI SKY VISION CO., LTD.",TH,enterprise_dealer,Bangkok,Bangkok,,,081 402 5355,13.7563,100.5018,
ATAY MÜHENDİSLİK,TR,enterprise_dealer,Çankaya,Ankara,https://ataymuhendislik.com/,atay@ataymuhendislik.com,+90 (312) 212 22 11,39.889715,32.718844,
DRONMARKET (ALARAS TELEKOMÜNİKASYON DAN. Ve TİC. A.Ş),TR,enterprise_dealer,Şişli,İstanbul,https://www.dronmarket.com/,destek@dronmarket.com,08505328797,40.800737,30.404522,
GEOTEKNİK,TR,enterprise_dealer,Sariyer,İstanbul,https://www.geoteknikltd.com/web_6750_1/index.aspx,info@geoteknikltd.com,0 (212) 346 40 70,41.113671,29.022636,
Karfo Karacasulu Dış Tic. AŞ.,TR,enterprise_dealer,Fatih,İstanbul,https://www.karacasulu.com/,info@karacasulu.com,(212) 455 67 00,41.013494,28.975578,
Natilon Teknoloji A.Ş,TR,enterprise_dealer,Zeytinburnu,İstanbul,https://natilon.com/tr/,info@natilon.com,90212 243 23 37,41.010658,28.899918,
OMS SAVUNMA A.Ş,TR,enterprise_dealer,Kağithane,İstanbul,https://www.omsaero.com/,fapak@omssavunma.com,90 535 028 68 81,41.113107,28.992518,
OR-BIL BİLİŞİM MAKİNALAR VE MALZEMELERİ EĞİTİM İNŞAAT SANAYİ TİCARET LİMİTED ŞİRKETİ,TR,enterprise_dealer,Çankaya,Ankara,https://www.orbil.com.tr/,orbil@orbil.com.tr,903124419320,39.872545,32.856365,
PAKSOY TEKNİK,TR,enterprise_dealer,Çankaya,Ankara,https://paksoyteknik.com.tr,info@paksoymarket.com.tr,03124737722,39.906336,32.816829,
Robit Teknoloji,TR,enterprise_dealer,Etimesgut,Ankara,https://www.robit.com.tr/,ziya@robit.com.tr,+90 312 212 3802,39.894626,32.675045,
SISTEM A.Ş.,TR,enterprise_dealer,Çankaya,Ankara,https://www.sistemas.com.tr/,,sales@sistemas.com.tr,39.899798,32.689525,
Termal Drone,TR,enterprise_dealer,Ümraniye,İstanbul,https://termaldrone.com/,info@termaldrone.com.tr,0850 532 1 555,41.009035,29.107351,
AIRWORX UNMANNED SOLUTIONS,US,enterprise_dealer,Pickens,South Carolina,https://airworxdrone.com/,sales@airworxdrone.com,+18648989444,34.76566,-82.477902,
"AKDRONE, LLC",US,enterprise_dealer,Valdez-Cordova (CA),Alaska,,info@akdrone.com,(907) 200-2012,61.130427,-146.366548,
Adorama Inc.,US,enterprise_dealer,New York,New York,https://www.adorama.com/brands/DJI,meirf@adorama.com,+1 212-741-0063,40.739355,-73.994104,
Advexure,US,enterprise_dealer,Los Angeles,California,https://advexure.com/,sales@advexure.com,8556252055,33.666021,-117.705121,
"Airspace Link, Inc.",US,enterprise_dealer,Delta,Michigan,https://airspacelink.com/,,+18007833712,42.328697,-83.074957,
Anatum GeoMobile Solutions,US,enterprise_dealer,DuPage,Illinois,https://www.agsgis.com,info@agsgis.com,800-980-4649,41.844377,-87.945889,
B&H Foto & Electronics,US,enterprise_dealer,New York,New York,https://www.bhphotovideo.com/,sols@bhphoto.com,212-239-7500,40.753144,-73.996317,
"Benchmark Tool Supply, Inc.",US,enterprise_dealer,Cabarrus,North Carolina,https://benchmarksupply.com/uav/,sales@benchmarksupply.com,800-311-2734,35.382351,-80.585731,
"Benchmark Tool Supply, Inc.",US,enterprise_dealer,Hanover,Virginia,https://benchmarksupply.com/uav/,sales@benchmarksupply.com,804-365-5144,37.714972,-77.446914,
"Benchmark Tool Supply, Inc.",US,enterprise_dealer,Wake,North Carolina,https://benchmarksupply.com/uav/,sales@benchmarksupply.com,919-835-2140,35.861393,-78.592758,
"Benchmark Tool Supply, Inc.",US,enterprise_dealer,Chesapeake (city),Virginia,https://benchmarksupply.com/uav/,sales@benchmarksupply.com,757-819-9116,36.733136,-76.216822,
"Benchmark Tool Supply, Inc.",US,enterprise_dealer,New Castle,Delaware,https://benchmarksupply.com/uav/,sales@benchmarksupply.com,302-368-2434,39.647622,-75.713025,
Blue Skies Drone,US,enterprise_dealer,Clark,Washington,https://www.blueskiesdronerental.com/,support@blueskiesdroneshop.com,1-844-474-8833,46.701661,-122.955761,
CAMRISE LLC,US,enterprise_dealer,Bergen,New Jersey,https://djinyc.com/,s.gazawie@camrise.com,212-333-3150,40.917775,-74.075725,
CAMRISE LLC,US,enterprise_dealer,New York,New York,https://djinyc.com/,,,40.760939,-73.975081,
"CLOUD CITY DRONES, LLC",US,enterprise_dealer,Kent,Rhode Island,https://www.cloudcitydrones.com,hi@cloudcitydrones.com,+1 (818) 805-1184,26.590889,-80.052141,
Drone Deer Recovery,US,enterprise_dealer,Delaware,Ohio,https://www.dronedeerrecovery.com/,sales@dronedeerrecovery.com,+12344234979,40.621734,-81.700552,
Drone Nerds Inc.,US,enterprise_dealer,Miami-Dade,Florida,,sales@dronenerds.com,+17862982011,26.054453,-80.171347,
Drone works,US,enterprise_dealer,Saint Johns,Florida,https://www.drone-works.com/,cs@drone-works.com,607-239-9119,28.490714,-82.54572,
Drones Made Easy,US,enterprise_dealer,San Diego,California,,enterprise@dronesmadeeasy.com,+1 844 312 8444,32.764979,-117.196015,
Duncan Parnell,US,enterprise_dealer,Horry,South Carolina,https://www.duncan-parnell.com/,websales@duncan-parnell.com,(843) 626-3641,33.690524,-78.923284,
Duncan Parnell,US,enterprise_dealer,Hanover,Virginia,https://www.duncan-parnell.com/,websales@duncan-parnell.com,(804) 368-7525,37.744049,-77.468774,
Duncan Parnell,US,enterprise_dealer,Gwinnett,Georgia,https://www.duncan-parnell.com/,websales@duncan-parnell.com,(770) 931-0844,33.932446,-84.14967,
Duncan Parnell,US,enterprise_dealer,Mecklenburg,North Carolina,https://www.duncan-parnell.com/,websales@duncan-parnell.com,(704) 372-7766,35.214809,-80.843839,
Duncan Parnell,US,enterprise_dealer,Knox,Tennessee,https://www.duncan-parnell.com/,websales@duncan-parnell.com,(865) 389-0628,35.977138,-83.909938,
Duncan Parnell,US,enterprise_dealer,Orange,Florida,https://www.duncan-parnell.com/,websales@duncan-parnell.com,(888) 782-1997,28.563351,-81.369236,
Duncan Parnell,US,enterprise_dealer,Duval,Florida,https://www.duncan-parnell.com/,websales@duncan-parnell.com,(904) 620-0500,30.287344,-81.546476,
Duncan Parnell,US,enterprise_dealer,Davidson,Tennessee,https://www.duncan-parnell.com/,websales@duncan-parnell.com,(615) 748-1998,36.143668,-86.7297,
Duncan Parnell,US,enterprise_dealer,Charleston,South Carolina,https://www.duncan-parnell.com/,websales@duncan-parnell.com,(843) 747-6033,32.865134,-80.015266,
ENS technologies Inc.,US,enterprise_dealer,Los Angeles,California,,,,34.016607,-117.961496,
"ENTERPRISE UAS, LLC",US,enterprise_dealer,Colusa,California,https://dslrpros.com/,sales@dslrpros.com,8772991075,34.235831,-118.566163,
"FLYMOTION,LLC",US,enterprise_dealer,Hillsborough,Florida,https://www.flymotionus.com,info@flymotionus.com,800.548.5844,27.902839,-82.387835,
Fix In A Zip,US,enterprise_dealer,Lubbock,Texas,https://shop.fizuas.com,FIZUAS@fizuas.com,1-877-659-6359,33.531073,-101.918357,
Focus Camera,US,enterprise_dealer,Bronx,New York,https://www.focuscamera.com/,,,40.647097,-73.968292,
Fowado Technology Group,US,enterprise_dealer,,Florida,https://www.fowadotechnologygroup.com/,josh@fowadous.com,+1 689 309 1420,27.955298,-82.333931,
Frontier Precision Inc,US,enterprise_dealer,Deschutes,Oregon,https://www.frontierprecision.com,uas@frontierprecision.com,541-797-0052,44.036718,-121.29094,
Frontier Precision Inc,US,enterprise_dealer,Jefferson,Colorado,https://www.frontierprecision.com,uas@frontierprecision.com,720-214-3500,39.805484,-105.055741,
Frontier Precision Inc,US,enterprise_dealer,Hawaii,Hawaii,https://www.frontierprecision.com,uas@frontierprecision.com,808-465-3900,21.323837,-157.889669,
Frontier Precision Inc,US,enterprise_dealer,Minnehaha,South Dakota,https://www.frontierprecision.com,uas@frontierprecision.com,605-221-4400,43.512201,-96.745416,
Frontier Precision Inc,US,enterprise_dealer,Anchorage Municipality,Alaska,https://www.frontierprecision.com,uas@frontierprecision.com,907-868-1500,61.16903,-149.887113,
Frontier Precision Inc,US,enterprise_dealer,Tarrant,Texas,https://www.frontierprecision.com,uas@frontierprecision.com,682-348-7444,32.841086,-97.299676,
Frontier Precision Inc,US,enterprise_dealer,King,Washington,https://www.frontierprecision.com,uas@frontierprecision.com,206-294-5196,47.488707,-122.277228,
Frontier Precision Inc,US,enterprise_dealer,Gallatin,Montana,https://www.frontierprecision.com,uas@frontierprecision.com,406-556-7161,45.702583,-111.045273,
Frontier Precision Inc,US,enterprise_dealer,Boise,Idaho,https://www.frontierprecision.com,uas@frontierprecision.com,208-955-0049,43.616772,-116.250348,
Frontier Precision Inc,US,enterprise_dealer,Hennepin,Minnesota,https://www.frontierprecision.com,uas@frontierprecision.com,763-496-1366,45.086812,-93.419064,
Frontier Precision Inc,US,enterprise_dealer,Duval,Florida,https://www.frontierprecision.com,uas@frontierprecision.com,800-359-3703,30.24071,-81.596172,
Frontier Precision Inc,US,enterprise_dealer,Burleigh,North Dakota,https://www.frontierprecision.com,uas@frontierprecision.com,701-222-2030,46.786643,-100.743954,
"General Pacific, Inc.",US,enterprise_dealer,Maury,Tennessee,https://WWW.GENPACDRONES.COM,JBEAL@GENERALPACIFIC.COM,503-907-2900,35.769737,-86.920107,
"Gresco Utility Supply, Inc.",US,enterprise_dealer,Davidson,Tennessee,https://www.grescouas.com/,uas@gresco.com,478-315-0812,36.225858,-86.785792,
Hixon Mfg. & Supply Co.,US,enterprise_dealer,Denver,Colorado,https://www.hixonmfg.com/,,800.475.3422,39.586765,-104.820922,
Hixon Mfg. & Supply Co.,US,enterprise_dealer,Larimer,Colorado,https://www.hixonmfg.com/,,800.762.5252,40.575307,-105.004514,
International Trading & Communications Corp,US,enterprise_dealer,New York,New York,https://www.ibandd.wixsite.com/itandc,ITANDC@HOTMAIL.COM,9173304449,40.626862,-73.971742,
Keystone Precision Solutions,US,enterprise_dealer,Lehigh,Pennsylvania,https://www.keypre.com/,sales@keypre.com,800-833-9250,40.661039,-75.442218,
"LINKEDALL PRODUCTS, INC.",US,enterprise_dealer,Houston,Texas,https://linkedall.com/,sales@linkedall.com,+1 281-822-9892,29.72211,-95.551404,
Mid America Optics,US,enterprise_dealer,Cleveland,Oklahoma,https://mid-america-optics.mybigcommerce.com/,midamericaoptics@gmail.com,412-952-6802,35.304082,-97.160067,
"Multicopter Warehouse, LLC",US,enterprise_dealer,Denver,Colorado,https://www.multicopterwarehouse.com,Info@multicopterwarehouse.com,303.552.2300,39.678065,-104.936982,
"NOAR Technologies, LLC",US,enterprise_dealer,Oakland,Michigan,https://www.noartech.com,info@noartech.com,248.906.2375,42.53391,-83.142647,
Ohio Drone Repair LLC,US,enterprise_dealer,Summit,Ohio,https://Ohiodronerepair.com,Fly@ohiodronerepair.com,(440) 420-0200,41.196215,-81.636975,
Paladin Drones Inc.,US,enterprise_dealer,Crosby,Texas,https://www.paladindrones.io/,,team@paladindrones.io,29.75926,-95.363467,
Propeller Aero Inc,US,enterprise_dealer,Denver,Colorado,https://www.propelleraero.com/,,,39.766549,-104.976831,
RDO Equipment Co,US,enterprise_dealer,Minnehaha,South Dakota,https://www.rdoequipment.com/,mailto:bedmonson@rdoequipment.com,406-796-3797,43.577603,-96.773812,
RDO Equipment Co,US,enterprise_dealer,Riverside,California,https://www.rdoequipment.com/,mailto:bedmonson@rdoequipment.com,(951) 778-3700,34.019208,-117.338783,
RDO Equipment Co,US,enterprise_dealer,Maricopa,Arizona,https://www.rdoequipment.com/,mailto:bedmonson@rdoequipment.com,406-796-3790,33.284343,-111.968201,
RDO Equipment Co,US,enterprise_dealer,Hennepin,Minnesota,https://www.rdoequipment.com/,mailto:bedmonson@rdoequipment.com,406-796-3794,45.158071,-93.509315,
RDO Equipment Co,US,enterprise_dealer,Yellowstone,Montana,https://www.rdoequipment.com/,mailto:bedmonson@rdoequipment.com,406-796-3787,45.750632,-108.547818,
RDO Equipment Co,US,enterprise_dealer,Salt Lake,Utah,https://www.rdoequipment.com/,mailto:bedmonson@rdoequipment.com,406-796-3788,40.741117,-111.986395,
RDO Equipment Co,US,enterprise_dealer,Tarrant,Texas,https://www.rdoequipment.com/,BEdmonson@rdoequipment.com,406-796-3791,32.841193,-97.322156,
RDO Equipment Co,US,enterprise_dealer,Dakota,Minnesota,https://www.rdoequipment.com/,mailto:bedmonson@rdoequipment.com,406-796-3795,44.77769,-93.29733,
"RMUS,LLC",US,enterprise_dealer,Davis,Utah,https://www.rmus.com,sales@rmus.com,801.316.3250,40.923595,-111.897386,
RobotLAB Inc,US,enterprise_dealer,Dallas,Texas,https://www.robotlab.com/raleigh,mailto:Brian.Stobbe@RobotLAB.com,+1 415-598-0619,34.217441,-96.7998,
SITECH Louisiana LLC.,US,enterprise_dealer,West Baton Rouge,Louisiana,https://www.SITECHlouisiana.com,alemoine@sitechla.com,(346) 250-5216,30.383872,-91.043007,
Seiler Instrument and Manufacturing Incorporated,US,enterprise_dealer,St. Louis,Missouri,https://www.seilergeodrones.com/,sales@seilergeodrones.com,(844)400-1401,38.627,-90.1994,
Seiler Instrument and Manufacturing Incorporated,US,enterprise_dealer,Lawrence,Kentucky,https://www.seilergeodrones.com/,sales@seilergeodrones.com,(844)400-1401,38.3287,-85.7648,
Seiler Instrument and Manufacturing Incorporated,US,enterprise_dealer,Florence,Wisconsin,https://www.seilergeodrones.com/,sales@seilergeodrones.com,(844)400-1401,42.8886,-88.0384,
Seiler Instrument and Manufacturing Incorporated,US,enterprise_dealer,Lincoln,Kansas,https://www.seilergeodrones.com/,sales@seilergeodrones.com,(844)400-1401,38.9536,-94.7336,
Seiler Instrument and Manufacturing Incorporated,US,enterprise_dealer,Lawrence,Illinois,https://www.seilergeodrones.com/,sales@seilergeodrones.com,(844)400-1401,41.9703,-87.981,
Seiler Instrument and Manufacturing Incorporated,US,enterprise_dealer,Luce,Michigan,https://www.seilergeodrones.com/,sales@seilergeodrones.com,(844)400-1401,42.5083,-83.521,
Sitech South,US,enterprise_dealer,Sunrise,Florida,https://www.sitechsouth.com,info@sitechsouth.com,954-707-9306,26.189178,-80.285591,
Sitech South,US,enterprise_dealer,,Florida,https://www.sitechsouth.com,info@sitechsouth.com,561-282-8089,26.661025,-81.792492,
Strayos Inc,US,enterprise_dealer,Erie,New York,https://www.strayos.com/,https://www.strayos.com/contact.html,+1(530) 448-7500,42.880085,-78.876266,
"Terrestrial Imaging, LLC",US,enterprise_dealer,Ocean,New Jersey,https://www.terrestrialimaging.com,sales@terrestrialimaging.com,800-359-0530,40.099249,-74.100811,
"UAS Specialists, LLC (dba DronesPlus Dallas)",US,enterprise_dealer,Dallas,Texas,http://www.dronesplusdallas.com/,dgarland@dronesplusdallas.com,469-757-4497,33.103158,-96.811981,
"UNMANNED VEHICLE TECHNOLOGIES, LLC",US,enterprise_dealer,Washington,Arkansas,https://www.uvt.us/,sales@uvt.us,(844) 595-8010,36.084993,-94.154866,
Unmanned Enterprise Group,US,enterprise_dealer,Grand Forks,North Dakota,https://www.airtonomy.ai/,Joshua Riedy <josh@airtonomy.ai>,7013300157,47.920897,-97.089176,
Vertex Unmanned Solutions,US,enterprise_dealer,Grant,Minnesota,https://www.vertexunmanned.com,Sales@vertexunmanned.com,612-900-3440,45.004565,-93.459629,
Vertical Aspect LLC,US,enterprise_dealer,Knox,Missouri,https://verticalaspect.com/,sales@verticalaspect.com,Christian Stallings,39.13725,-94.579946,
OPTRON Pty Ltd,ZA,enterprise_dealer,Centurion,Gauteng,https://www.optron.com/,info@optron.com,+27 12 683 4504,-25.855353,28.195179,
Rectron PTY LTD,ZA,enterprise_dealer,Midrand,Gauteng,https://www.rectron.co.za/,DJIEnterprise@Rectron.co.za,+27 11 203 1000,-25.970998,28.131155,
