Company Name,Location,Website,NameOccurrences
PORTENT TIDE PTY LTD,"HEIDELBERG HEIGHTS, Vic",https://dronesforhire.com.au/drone-operator/6220/Portent%20Tide%20Aerial%20Imaging,5
12P CONSULTING PTY LTD,"EAST ALBURY, NSW",https://www.12p.consulting/services,2
3020 SURVEYS PTY LTD,"SOUTHPORT, Queensland",https://3020surveys.com.au/,5
3FB AERWORX PTY. LTD.,"RINGWOOD, Vic",https://www.3fbaerworx.com.au/,8
4S CONTRACTING PTY LTD,"MOONBI, New South Wales",https://4scontracting.com.au/,4
5D SURVEYING PTY LTD,"EAST BENDIGO, Victoria",https://www.5dsurveyingvic.com.au/,9
AA DRONE SERVICES PTY LTD,"MARSHDALE, New South Wales",https://aadrones.com.au/,2
ABERGELDIE COMPLEX INFRASTRUCTURE PTY LTD,"AUBURN, New South Wales",https://il.linkedin.com/company/abergeldie-complex-infrastructure/life,2
ACUSOS PTY LTD,"NEWINGTON, New South Wales",https://buy.nsw.gov.au/supplier/profile/137497,3
ADMEDIA AUSTRALIA PTY LTD,"MILDURA, Vic",https://admedia.com.au/,2
Adric James HOSKINS-SPITERI,"COOCHIEMUDLO ISLAND, Qld",https://www.auscompanies.com/en/40399473099/HOSKINS-SPITERI-ADRIC,5
ADVANCED DRONE SERVICES PTY LTD,"COFFS HARBOUR, NSW",https://buy.nsw.gov.au/supplier/profile/12431844,4
ADVANCED DRONING PTY LTD,"Walkamin, Qld",https://advanceddroning.com.au/,2
ADVANCED VTOL TECHNOLOGIES PTY LTD,"INVERMAY, Vic",https://avtolt.com/,3
ADVENTURE SET PRODUCTIONS PTY LTD,"MOONEE PONDS, Vic",https://www.adventuresetproductions.com.au/,7
AERIAL AG SOLUTIONS PTY LTD,"WELLINGTON, NSW",https://www.aerialagsolutions.com.au/,3
AERIAL ASSETS PTY LTD,"SURREY HILLS, Victoria",https://www.aerialassets.com.au/,4
AERIAL VANTAGE PTY LTD,"BULLSBROOK, WA",https://dronesforhire.com.au/drone-operator/1181/Aerial%20Vantage,2
AERIS INSIGHTS PTY LTD,"LANDSDALE, Western Australia",https://aerisinsights.com.au/,9
AEROBUGS PTY LTD,"CABOOLTURE, Queensland",https://aerobugs.com.au/,12
AERODROME MANAGEMENT SERVICES PTY LTD,"REDCLIFFE, WA",https://amsaustralia.com/footer_logo/,2
AeroMedia PTY LTD,"LONGUEVILLE, NSW",https://aeromedia.com.au/,7
AEROMETREX LIMITED,"GLYNDE, SA",https://www.listcorp.com/asx/amx/aerometrex-limited/news/amx-executes-unconditional-contract-to-sell-glynde-property-2655324.html,36
AERONAUTICAL ENTERPRISES PTY LTD,"WALLAN, Victoria",https://dronesforhire.com.au/drone-operator/7751/Aeronautical%20Enterprises%20Pty%20Ltd,3
AEROPEST AUSTRALIA PTY. LTD.,"BULGARRA, Western Australia",https://pilbarakey.com.au/listing/Pest%20--%20Weed%20Control/AeroPest%20Australia,22
AEROSPATIAL PTY LTD,"Bellambi, NSW",https://abr.business.gov.au/ABN/View/49167752249,2
AG DRONES TASMANIA PTY LTD,"OUSE, Tasmania",http://www.agdronestasmania.com.au/,5
AGENCY 1765 PTY LTD,"CHARLESTOWN, NSW",https://www.agency1765.com/,2
AGL ENERGY LIMITED,"SYDNEY, NSW",https://buy.nsw.gov.au/supplier/profile/94621,3
AGRIAIR PTY LTD,"MOREE, New South Wales",https://abr.business.gov.au/ABN/View?id=50683834871,2
AGRIDOME CONSULTANCY PTY LTD,"BOOROLITE, Victoria",https://www.agridome.com.au/,5
AGRISTRY PTY LTD,"KENSINGTON, Queensland",https://agristry.com/,37
AGTECH INDUSTRIES PTY LTD,"HABANA, Queensland",https://agtechindustries.com.au/,10
AIR VANTAGE ACCESS PTY LTD,"WHITE GUM VALLEY, WA",https://www.airvantageaccess.com.au/,3
AIRBORN INSIGHT PTY LTD,"MIDDLE RIDGE, Queensland",https://airborninsight.com.au/,99
AIRBORNE GEO EXPLORATION PTY LTD,"RUNAWAY BAY, Queensland",https://www.uasaviation.com.au/services,5
AIRBORNELOGIC PTY. LTD.,"URRBRAE, SA",https://airbornelogic.com.au/,20
AIRSHIP SOLUTIONS PTY LTD,"ASPENDALE GARDENS, Vic",https://airship.com.au/,10
AIRWASH PTY LTD,"GEORGES HALL, New South Wales",https://airwash.au/,18
AIRWORKS PTY LTD,"UNLEY, SA",https://www.airworks.com.au/,4
AKA CREATIVE PTY LTD,"WESTLAKE, Qld",https://akacreative.com.au/,11
AKOM PTY LTD,"WYNNUM, Qld",https://au.linkedin.com/company/akom-pty-ltd-2014,7
ALACON AERO PTY LTD,"KINGSTON, Australian Capital Territory",https://alaconaero.com/,2
ALL THINGS VISUAL PTY LTD,"FAIRLIGHT, NSW",https://allthingsvisual.com.au/,5
ALLIANCE SURVEYING PTY LTD,"BAYSWATER, WA",https://www.alliancesurveying.com.au/,10
ALPHAFLIGHT AEROSPACE PTY LTD,"BROOKVALE, NSW",https://insolvencynotices.com.au/company/alphaflight-aerospace-pty-ltd,14
ALTIMAR PTY LTD,"CLAYFIELD, Queensland",https://www.altimar.com.au/,4
ANC CONTRACTING PTY LTD,"DEEPDALE, Western Australia",https://www.anccontracting.com.au/,6
ANDREW MARSHALL PTY. LIMITED,"GYMEA BAY, NSW",https://abr.business.gov.au/AbnHistory/View/29079458941,2
ANDROMEDA DRONES PTY LTD,"NARANGBA, Qld",https://www.andromedadrones.com.au/,5
ANDY TAYLOR PTY LTD,"CLONTARF, New South Wales",https://www.andytaylor.com.au/,6
Anthony Charles GRAHAM,"RANGEVILLE, Qld",https://abr.business.gov.au/Search/ResultsAll?SearchText=anthony%20graham,2
APATCHIE MEDIA GROUP PTY LTD,"WEST MELBOURNE, Victoria",https://www.apatchiemedia.com/,2
APEX DRONES PTY LTD,"MARANGAROO, Western Australia",https://apexdrones.com.au/,6
APPLIED DRONE TECHNOLOGY PTY LTD,"HOLLAND PARK, Qld",https://www.applieddronetechnology.com.au/,2
APPLUS PTY LTD,"BIBRA LAKE, WA",https://www.applus.com/global/en/ei/applus-offices/applus-Australia,47
AQUANEX PTY LTD,"MILLNER, Northern Territory",https://www.aquanex.com.au/,28
ARGENTECH SOLUTIONS PTY LTD,"MOORABBIN, Victoria",https://www.argentechsolutions.com/contact-us/,2
ASCENT ECOLOGY PTY LTD,"BILLINUDGEL, New South Wales",https://ascentecology.com.au/,4
ASCENT IMAGERY PTY LTD,"ROTHWELL, Qld",https://dronesforhire.com.au/drone-operator/151/%20Ascent%20Imagery%20Pty%20Ltd%20Trading%20as%20RAPAX%C2%AE%20Aerial%20Solutions,3
ASCENT MEDIA PTY LTD,"SUNSHINE, Victoria",https://ascentmedia.com.au/,13
ASHBURY STUDIOS PTY LTD,"NORTH ALBURY, New South Wales",https://ashburystudios.com.au/,4
ASIA PACIFIC UAV SYSTEMS PTY LTD,"ORMEAU, Qld",https://apuavs.com/,2
ASSET INTEGRITY SURVEY SERVICES PTY LTD,"WELLINGTON POINT, Queensland",https://www.aissoz.com/,5
ASTRAL PROJECT PTY LTD,"SARINA, Queensland",https://abr.business.gov.au/ABN/View/81081530663,2
ASTRUM AUSTRALIA PTY LTD,"CAPALABA, Qld",https://astrum.com.au/,2
ASTUTE SURVEYING PTY LTD,"KING CREEK, New South Wales",https://astutesurveying.com.au/,2
ATMOSPHERE PRODUCTIONS PTY LTD,"KIAMA DOWNS, NSW",https://atmosphereproductions.com.au/,2
AUGMENTED FRONTIERS PTY LTD,"AMAROO, ACT",https://augfront.com/,2
AUSTRALIAN AEROSPACE CORPORATION PTY. LTD.,"DICKSON, ACT",https://ausaerocorp.com/,3
AUSTRALIAN AGRICULTURAL DRONES PTY LTD,"WINDSOR, Queensland",https://www.ausagdrones.com.au/?srsltid=AfmBOor3VCw9Eumji_kiRvWec9Y3enN1vQMYiWHX4bPDyZKh5WiASLSl,6
AUSTRALIAN DRONE SOLUTIONS PTY LTD,"MERMAID Beach, Queensland",https://www.australiandronesolutions.com.au/,9
AUSTRALIAN IMAGING & PHOTO GROUP PTY. LTD.,"MORDIALLOC, Victoria",https://www.aipgpl.com/,2
AUSTRALIAN VACUUM SERVICES PTY LTD,"NORTH ROCKS, New South Wales",https://australianvacuumservices.com/?srsltid=AfmBOoolzmc6JgV7-Y_iFFf7I8CwsbnAQjkDkTnhRhb-I4itRXd_0r3F,3
AUSTRALIS BIOLOGICAL PTY LTD,"BITTERN, Vic",https://www.australisbiological.com.au/,5
AUTOSPRAY PTY LTD,"ARCHERFIELD, Qld",https://autospray.net/,12
AVI8 DRONE SOLUTIONS PTY LTD,"GLENELLA, Queensland",https://avi8.com.au/,3
AVIAG PTY LTD,"YACKANDANDAH, Victoria",https://www.aviag.com.au/,3
AVIAN AG PTY LTD,"ROBERTSON, NSW",https://dronesforhire.com.au/drone-operator/8451/Avian%20Ag%20Pty%20Ltd,3
AVIASSIST PTY LTD,"MAYFIELD EAST, New South Wales",https://aviassist.com.au/,33
AVIATION & MARINE AUSTRALIA PTY LTD,"KEWARRA BEACH, Queensland",https://www.aviationandmarineaustralia.com.au/,4
AVMAP PTY LTD,"BAULKHAM HILLS, New South Wales",https://www.avmap.com.au/,2
AVS PRODUCTIONS (AUSTRALASIA),"DENHAM COURT, NSW",https://www.acnc.gov.au/charity/charities/f71e0d87-f001-ea11-a811-000d3ad1f9f4/profile,2
AXIS GEOSPATIAL PTY LTD,"AUBIN GROVE, Western Australia",https://www.linkedin.com/company/axis-geospatial,22
AZTEC DYNAMICS PTY LTD,"BUNGALOW, Queensland",https://www.aztecdynamics.com.au/,16
AZURE INTEGRITY PTY LTD,"LONSDALE, SA",https://azureintegrity.com/,2
B&T CREATIVE PTY LTD,"FRASER, Australian Capital Territory",https://patchmap.com.au/business/bt-creative-pty-ltd/,2
BAE SYSTEMS AUSTRALIA LIMITED,"ADELAIDE, SA",https://abr.business.gov.au/Search/ResultsAll?SearchText=BAE%20SYSTEMS%20AUSTRALIA%20DEFENCE%20PTY%20LTD&AllNames=False&EntityName=False&BusinessName=False&TradingName=False&NarrowSearch=False&SearchType=ActiveAbns&AllStates=True&ACT=False&NSW=False&NT=False&QLD=False&TAS=False&SA=False&VIC=False&WA=False&PostcodeDisplayName=Postcode%20(required%20for%20DGR%20%26%20Charity%20search%20options%20if%20Name%20is%20blank)%3A&HideBreadcrumbs=False&HideSearchBox=False&HideLeftSideBar=False&ShowHelp=False&IsHomePage=False&NoIndex=False&ShowVersionNumber=False,7
BASE IMAGERY PTY LTD,"North Lake, WA",https://www.baseimagery.com.au/,9
BATHTIME PRODUCTIONS PTY. LTD.,"SAWTELL, NSW",https://www.bathtimeproductions.com/,4
BCE SURVEYING PTY LTD,"BUNBURY, WA",https://www.scrapmonster.com/company/bce-surveying-pty-ltd/26056,6
BCONNEX PTY LTD,"BAULKHAM HILLS, NSW",https://bconnex.com/home/,8
BELLEVUE GOLD LIMITED,"WEST PERTH, WA",https://www.abnnewswire.net/companies/ct/29951/Bellevue-Gold-Ltd.html,3
BENGALLA MINING COMPANY PTY LIMITED,"MUSWELLBROOK, NSW",https://www.whereis.com/nsw/muswellbrook-2333/yellowId-13605699,4
BEYOND MEASURE SURVEYING PTY LTD,"NEW AUCKLAND, Queensland",https://bmsurveying.com.au/,4
BEYOND THE BOX PICTURES PTY LTD,"KAMBAH, Australian Capital Territory",https://beyondtheboxpictures.com.au/,4
BIODIVERSE ENVIRONMENTAL PTY LTD,"BARINGA, Queensland",https://www.biodiverse-environmental.com.au/,28
BIOPIXEL PTY LTD,"SMITHFIELD, Qld",https://biopixel.tv/,31
BIOSPHERE ENVIRONMENTAL CONSULTANTS PTY LTD,"FRESHWATER, Qld",https://beconsultants.com.au/,3
BIRDI PTY. LTD.,"SYDNEY, New South Wales",https://www.birdi.io/about,15
BLAYNEY SHIRE COUNCIL,"BLAYNEY, NSW",https://www.blayneychronicle.com.au/local-business/public-services/blayney-nsw/blayney-shire-council-61263682104,2
BLUE EARTH ENVIRONMENTAL PTY LTD,"NINDERRY, Qld",https://blueearthenvironmental.com.au/,7
BOLAND SURVEY & DESIGN PTY LTD,"KEARNEYS SPRING, Qld",https://www.bolandsd.com.au/,13
BONOEL PRODUCTIONS PTY. LTD.,"PORTLAND, Vic",https://www.wipo.int/amc/en/domains/decisions/html/2000/d2000-1601.html,3
BORESIGHT PTY LTD,"FYSHWICK, Australian Capital Territory",https://www.boresighttargets.com/,5
BOXALL SURVEYORS PTY LTD,"Sutherland, NSW",https://boxallsurveyors.com.au/,7
BRANDE SOLUTIONS PTY LTD,"KELVIN GROVE, Qld",https://au.linkedin.com/company/brande-solutions-pty-ltd,5
BRAZIER MOTTI PTY LTD,"TOWNSVILLE CITY, Qld",https://www.braziermotti.com.au/,11
BREAKOUT PRODUCTIONS PTY. LTD.,"ATHELSTONE, South Australia",https://breakoutproductions.com.au/,2
BRIDGE KNOWLEDGE PTY LTD,"NANA GLEN, New South Wales",https://bk-ecs.com.au/,15
BRISBANE AIRPORT CORPORATION PTY LIMITED,"BRISBANE AIRPORT, Qld",https://www.gbca.au/member-directory/brisbane-airport-corporation-pty-ltd,3
BRISBANE BUILDING INSPECTIONS PTY LTD,"CARINDALE, Qld",https://bbi.net.au/,4
BROLGA TECH PTY LTD,"CLOVELLY, New South Wales",https://www.brolgatech.com.au/,6
BSL SAVI PTY LTD,"BUNGALOW, Queensland",https://bslsavi.com.au/,2
Bugsy Edward PLOWMAN,"BENDEMEER, NSW",https://app.knowfirst.ai/business/trees-new-england-entzp8p2g/profile/overview,2
BUILD LIFE-CYCLE SOLUTIONS PTY LTD,"EMU HEIGHTS, New South Wales",https://buy.nsw.gov.au/supplier/profile/126994,3
BUMA AUSTRALIA PTY LTD,"SOUTH BRISBANE, Qld",https://buma.com.au/news/page/3/,11
BURNBOT PTY LTD,"STOCKLEIGH, Queensland",https://burnbot.com.au/,47
BYRON BAY SURVEYING PTY LTD,"BYRON BAY, New South Wales",https://www.byronbaysurveying.com/,5
C.R. KENNEDY & COMPANY PROPRIETARY LIMITED,"PORT MELBOURNE, Vic",https://www.waze.com/fil/live-map/directions/au/vic/port-melbourne/c.r.-kennedy-and-company?to=place.ChIJ_46b7oRC1moRXCHKlbwwP0w,4
CABLAB PTY LTD,"KEYSBOROUGH, Victoria",https://cablab.com.au/,16
CADENCE CONSULTING SURVEYORS PTY LTD,"NSW, Qld",https://www.cadenceconsulting.com.au/,4
CAMACO GROUP PTY LTD,"SCARBOROUGH, WA",https://tendertracker.com.au/suppliers/camaco-group-pty-ltd-91166848915,27
CAPRICORN SURVEYS GLADSTONE PTY. LTD.,"KIRKWOOD, Queensland",https://www.capsurvey.net/,5
CAPTURE WORKS PTY LTD,"Thornlands, Queensland",https://www.captureworks.com.au/,2
CDRS GLOBAL PTY LTD,"WYNDHAM VALE, Victoria",https://www.wyndham.vic.gov.au/directory/cdrs-global,3
CENTRAL QUEENSLAND UNIVERSITY,"NORMAN GARDENS, Qld",https://www.cqu.edu.au/,4
CENTRAL REGIONAL TAFE,"Geraldton, WA",https://educationwa.com.au/education/victoria/wa/geraldton/central-regional-tafe/77036,15
CERTERO SURVEYS PTY LTD,"COMO, Western Australia",https://certerosurveys.com.au/,3
CHARLES DARWIN UNIVERSITY,"CASUARINA, NT",https://www.cdu.edu.au/locations/casuarina-campus,4
CHARLES STURT UNIVERSITY,"Wagga Wagga, NSW",https://about.csu.edu.au/locations/campuses/wagga-wagga,5
CHECKED SURVEYS PTY LTD,"EAST PERTH, Western Australia",https://checkedsurveys.com.au/,13
Christopher HAIKINGS,"THE GAP, Qld",https://au.linkedin.com/in/christopher-haikings-128774122,12
CHROMATICA PTY LTD,"MONA VALE, NSW",https://www.chromatica.com.au/,26
CIRCULUS LIFE CYCLE ENGINEERING PTY LTD,"NORMANHURST, NSW",https://www.circuluslifecycle.com.au/,2
CK MALONEY SURVEYING PTY LTD,"CARABOODA, WA",https://www.ckindustries.com.au/,6
CLARE CONSTRUCTION & CIVIL PTY LTD,"WINNELLIE, NT",https://clarecivil.com/,7
CLARENCE VALLEY COUNCIL,"Glenugie, New South Wales",https://www.clarence.nsw.gov.au/Home,7
CLEANAWAY PTY LTD,"ROCHEDALE, Qld",https://www.cleanaway.com.au/,316
CLEAR VIEW DRONE SOLUTIONS PTY LTD,"KELMSCOTT, WA",https://clearviewdronesaustralia.com/,4
CLICK FILMS PTY LTD,"CAMDEN PARK, South Australia",https://www.clickfilms.com.au/,9
CMA CONTRACTING PTY LTD,"KURRI KURRI, New South Wales",https://cmacontracting.com.au/,8
COBAR SHIRE COUNCIL,"COBAR, NSW",https://www.cobar.nsw.gov.au/,3
COMMERCIAL DRONE SERVICES PTY LTD,"BURWOOD EAST, Victoria",https://www.commercialdroneservices.com/welcome,3
CONCEPTAVISION PTY LTD,"ADAMSTOWN HEIGHTS, NSW",https://conceptavision.com.au/,33
CONSERVATION ECOLOGY CENTRE PTY. LTD.,"CAPE OTWAY, Vic",https://www.conservationecologycentre.org/,4
CONXION PTY LIMITED,"Queanbeyan East, NSW",https://conxion.com.au/,2
COOPER MCCULLOUGH GROUP PTY LTD,"EMERALD, Queensland",https://www.facebook.com/CooperMcCulloughGroup/photos/d41d8cd9/1219627516899306/,4
COOTAMUNDRA-GUNDAGAI REGIONAL COUNCIL,"COOTAMUNDRA, ACT",https://www.cgrc.nsw.gov.au/connect-with-us/plans-policies-and-fees/,2
CORE LITHIUM LTD,"PERTH, Western Australia",https://www.listcorp.com/asx/cxo/core-lithium-ltd/news/change-of-registered-office-3263952.html,31
COSMO PRODUCTIONS PTY LTD,"COOGEE, NSW",https://www.cosmoproductions.com.au/,4
CPAC.COM.AU PTY LTD,"NOOSAVILLE, Qld",https://dronesforhire.com.au/drone-operator/7966/CPAC.com.au%20Pty%20Ltd%20TA%20OverOz,3
CREDCON PTY LTD,"PURLEWAUGH, NSW",https://dronesforhire.com.au/drone-operator/40458/CredCon%20Pty%20Ltd,3
CRIME AND CORRUPTION COMMISSION,"FORTITUDE VALLEY, Qld",https://uy.linkedin.com/company/crime-and-corruption-commission-queensland-,16
CROSSLAND & HARDY PTY LTD,"MAYLANDS, WA",https://chsurveys.com.au/,4
CSH CONSULTING PTY LTD,"THIRROUL, NSW",https://cshconsulting.com.au/,7
CULHIG PTY. LTD.,"Harrisdale, WA",https://culhigsurveying.net.au/,3
CURTIN UNIVERSITY OF TECHNOLOGY,"BENTLEY, WA",https://www.whereis.com/wa/bentley-6102/yellowId-13025008,4
CUSSONS MEDIA PTY LTD,"EAST TOOWOOMBA, Queensland",https://cussonsmedia.com.au/,15
CUSTOM MINING SOLUTIONS PTY LTD,"MURRAY BRIDGE SOUTH, South Australia",https://www.customminingsolutions.com.au/,2
CUSTOM ROV SOLUTIONS PTY LTD,"FORESHORES, Qld",https://customrovsolutions.com.au/,9
Daniel KNIGHT,"MANLY, NSW",https://au.linkedin.com/in/knightdan,31
Daniel Oscar HUNTER,"GEELONG, Vic",https://www.black-jaguar.org/the-first600/271/,2
DCI DRONES PTY LTD,"UPPER COOMERA, Queensland",https://www.dcidrones.com.au/dci-drones-drop-drone,43
DELONIX SOLUTIONS PTY. LTD.,"EAST PERTH, Western Australia",https://delonixsolutions.com/,4
Dennis CLARKE,"YARRAWONGA PARK, NSW",https://abr.business.gov.au/Search/ResultsAll?SearchText=Dennis%20Clark,5
Dillon SEITCHIK-REARDON,"MANLY, New South Wales",https://www.walkersjournal.com.au/walking-with-dillon-seitchik-reardon/,3
DPM ENVIROSCIENCES PTY LTD,"BUDERIM, Qld",https://dpm-enviro.com.au/,3
DREW INDUSTRIES PTY LTD,"MILLGROVE, Vic",https://drew.industries/,3
DRIFT MEDIA PTY LTD,"INVERLOCH, Victoria",https://driftmedia.com.au/,16
DRONE AGRICULTURE PTY LTD,"ROCKYVIEW, Qld",https://www.droneagriculture.com.au/,3
DRONE CREW AUSTRALIA PTY LTD,"DEE WHY, New South Wales",https://www.dronecrewaustralia.com.au/,10
DRONE ENTERTAINMENT GROUP PTY LTD,"SYDNEY, NSW",https://thedeg.com.au/,3
DRONE FORGE LIMITED,"LANDSDALE, Western Australia",https://droneforge.com.au/,4
DRONE HQ AUSTRALIA PTY LTD,"TERRIGAL, NSW",https://abr.business.gov.au/ABN/View?abn=66648950289,2
DRONE INSPECTIONS WA PTY LTD,"PERTH, WA",https://dronesforhire.com.au/drone-operator/2070/DRONE%20INSPECTIONS%20WA,3
DRONE MAKE DREAM SKY PTY LTD,"APPLECROSS, Western Australia",https://www.dmds.com.au/,4
DRONE REACH PTY LTD,"Gladesville, NSW",https://dronereach.com.au/contact-us/,2
DRONE SERVICES TASMANIA PTY LTD,"WEST LAUNCESTON, Tasmania",https://www.dstas.au/,3
DRONE SERVICES WA PTY LTD,"ROLEYSTONE, WA",https://www.droneserviceswa.com.au/,6
DRONEBOT PTY. LTD.,"IVANHOE, Vic",https://dronesforhire.com.au/drone-operator/319/Dronebot%20Pty%20Ltd,6
DRONEHAB PTY LTD,"MARIAN, Qld",https://www.dronehab.com.au/,23
DRONESTAR PTY LTD,"PORT MACQUARIE, New South Wales",https://www.dronestar.au/,3
DRONETECH PTY LTD,"CONISTON, NSW",https://dronesforhire.com.au/drone-operator/266/DroneTech%20Pty%20Ltd,6
DRONEXL PTY LTD,"CRANBOURNE NORTH, Victoria",https://dronexl.co/countries/australia/,25
DRONO PTY LTD,"HEATHWOOD, Qld",https://abr.business.gov.au/Search/ResultsAll?SearchText=Drone%20active,2
DTM AG PTY LTD,"EMERALD, Queensland",https://www.dtmag.com.au/,7
DURATEC LIMITED,"WANGARA, WA",https://www.duratec.com.au/location/wa/page/13/,15
EAST GIPPSLAND CONSERVATION MANAGEMENT NETWORK,"EAGLE POINT, Victoria",http://egcmn.org.au/,2
EAST GIPPSLAND DRONE AG PTY LTD,"NEWMERELLA, Vic",https://www.farmforestdrones.com/?srsltid=AfmBOorvfm5kyWfZEf6nl2gVn4YUru0Qc2xvQZP_hbVo4ACjI4fpq3iL,3
EASY ONLINE PORTALS PTY LTD,"Cape Tribulation, Queensland",https://www.easyonlineportals.com/,2
ECASTLE PTY LTD,"SYMONSTON, Australian Capital Territory",https://ecastle.com.au/,14
ECOSCIENCE NT PTY LTD,"COCONUT GROVE, NT",https://ecoscience.com.au/,8
ECOSITE SOLUTIONS PTY LTD,"GLEN INNES, NSW",https://ecositesolutions.com.au/,7
Ecosure Pty Ltd,"BOWEN HILLS, Queensland",https://ecosure.com.au/,49
ECOSYSTEM SOLUTIONS PTY LTD,"Dunsborough, WA",https://www.ecosystemsolutions.com.au/,23
EDWARDS O PTY LIMITED,"PARRAMATTA, New South Wales",https://abr.business.gov.au/Search/ResultsAll?SearchText=Edwards+O+Pty+Limited,2
EFFECTIVE DRONE SERVICES PTY LIMITED,"WOLLONGONG, New South Wales",https://buy.nsw.gov.au/supplier/profile/12450718,3
EHS ESSENTIAL SERVICES PTY LTD,"DARWIN, NT",https://ehsessentialservice.com/,6
EIROBOTIX PTY LTD,"WATSONIA, Victoria",https://au.linkedin.com/company/eirobotix,6
ELEVATION IMAGERY PTY LTD,"KELLYVILLE, NSW",https://www.elevationimagery.com.au/,4
ELITE DRONE SERVICES AUSTRALIA PTY LTD,"CARWOOLA, NSW",https://elitedroneservices.com.au/,3
ELITE DRONE SHOWS PTY LTD,"DANDENONG SOUTH, Vic",https://www.elitedroneshows.com.au/,5
EMM CONSULTING PTY LIMITED,"ST LEONARDS, NSW",https://engagementinstitute.org.au/consultants/emm-consulting-pty-ltd/,2
ENERGY DYNAMICS PTY LTD,"BIRKDALE, Qld",https://www.energy-dynamics.com.au/,11
ENERGY QUEENSLAND LIMITED,"NEWSTEAD, Queensland",https://enterpriseleague.com/company/energex,3
ENVIRONMENT PROTECTION AUTHORITY VICTORIA,"CARLTON, Vic",https://discover.data.vic.gov.au/organization/environment-protection-authority-victoria?tags=environment,14
ENVIRONMENT RESTORATION SOLUTIONS PTY LTD,"WATERVIEW HEIGHTS, New South Wales",https://www.envirorestoration.com.au/,12
ENVIRONMENTAL DRONE SOLUTIONS PTY LTD,"GUILDFORD SOUTH, WA",https://www.envirodrone.com.au/,3
ENVIRONMENTAL INDUSTRIES PTY LTD,"CANNING VALE, WA",https://environmentalindustries.com.au/,4
EPE OCEANIA PTY LTD,"SPRING HILL, Qld",https://www.htsyndication.com/pivotal-sources/article/epe-oceania-pty-ltd-trading-as-epe-trusted-to-protect-secures-contract-for-security-equipment/94315845,2
ERIZON PTY LTD,"WINGFIELD, SA",https://www.erizon.com.au/,32
ERTECH PTY LTD,"WANGARA, WA",https://www.onslowcci.com.au/membership-directory/corporate/3197955,2
Evolve Environmental Solutions Pty Ltd,"KEDRON, Qld",https://evolveenvironmental.com.au/,10
EVOLVE FILMS PTY. LTD.,"PAYNESVILLE, Victoria",https://www.evolvefilms.com.au/about/,2
EXTENDED VISION PTY LTD,"WONDUNNA, Qld",https://www.extendedvision.com.au/,4
EYE PREDICT PRODUCTIONS PTY LTD,"WILLOUGHBY, NSW",https://au.linkedin.com/company/eye-predict-productions,5
FABREEZY PTY LTD,"ST KILDA, Victoria",https://www.youtube.com/channel/UCRZlHMBsvlwyiodMhPCyuzQ,20
FIDIAC PTY LTD,"MT HUTTON, NSW",https://au.linkedin.com/company/fidiac-pty-ltd,4
FIELD MASTER SYSTEMS PTY LTD,"Sugarloaf Creek, Victoria",https://www.fieldmastersystems.com.au/,4
FIREBUG PHOTOGRAPHY PTY LTD,"EAST MAITLAND, NSW",https://www.firebugphotography.com.au/,11
FIREFLY AERIAL SOLUTIONS PTY LTD,"BERRIMAH, Northern Territory",https://au.linkedin.com/company/firefly-aerial-solutions,5
FIRETAIL ENVIRONMENTS PTY LTD,"CASTLEMAINE, Victoria",https://firetailvic.au/,8
FLIGHTCRAFT UAV Pty Ltd,"FRANKSTON SOUTH, Vic",https://www.flightcraft.com.au/,7
FLOREA PRODUCTIONS INCORPORATED,"WATERFORD, Qld",https://www.acnc.gov.au/charity/charities/2b501e89-3aaf-e811-a962-000d3ad24a0d,2
FLY THE FARM PTY LTD,"MOLENDINAR, Queensland",https://www.flythefarm.com.au/,9
FLYING FEATURES PTY. LTD.,"BRUNSWICK EAST, Vic",https://www.flyingfeatures.com/,18
FOREVER VIRTUAL PTY LTD,"FOOTSCRAY, Vic",https://au.linkedin.com/company/forever-virtual,6
FOTI INTERNATIONAL FIREWORKS PTY LTD,"WETHERILL PARK, NSW",https://www.foti.com/,2
Free Marketeers Pty Ltd,"KENSINGTON, Vic",https://www.freemarketeers.com.au/,4
FULCRUMAIR PTY LTD,"ARANA HILLS, Qld",https://fulcrumair.com/,11
FULTON HOGAN INDUSTRIES PTY LTD,"DANDENONG SOUTH, Vic",https://abr.business.gov.au/Search/ResultsAll?SearchText=fulton%20hogan%20group&AllNames=False&EntityName=False&BusinessName=False&NarrowSearch=False&SearchType=ActiveAbns&AllStates=True&ACT=False&NSW=False&NT=False&QLD=False&TAS=False&SA=False&VIC=False&WA=False&PostcodeDisplay=Informative&PostcodeDisplayName=Postcode%20(required%20for%20DGR%20%26%20Charity%20search%20options%20if%20Name%20is%20blank)%3A&HideBreadcrumbs=False&HideSearchBox=False&HideLeftSideBar=False&ShowHelp=False&IsHomePage=False&NoIndex=False&ShowVersionNumber=False,2
FUTUREPROOF BUILDING SERVICES PTY LTD,"BELMONT, WA",https://www.futureproofbs.com.au/,2
GARDEN PROJECTS NT PTY LTD,"WINNELLIE, Northern Territory",https://gardenprojectsnt.com.au/,3
Gavin THORNTON,"HORNSBY, NSW",https://www.hrap.net.au/,2
GC VIVABLAST AUSTRALIA PTY LTD,"TWEED HEADS, New South Wales",https://gcvivablastaustralia.com.au/,2
GEE GEE TECHNOLOGIES PTY LTD,"BURLEIGH HEADS, Qld",https://abr.business.gov.au/Search/ResultsAll?SearchText=Gee-tek+Pty+Ltd,3
GEOTAUR PTY LTD,"PERTH, WA",https://geotaur.com.au/,109
GEOTRACE PTY LTD,"MCGRATHS HILL, New South Wales",https://www.geotrace.com.au/,36
GIPPSLAND360 PTY LTD,"Traralgon, Vic",https://www.gippsland360.com.au/,2
GIPPY AG DRONES PTY LTD,"Bena, Vic",https://www.korumburrabusiness.com/members/gippy-ag-drones,9
GLENN HESTER PHOTOGRAPHY PTY. LTD,"CLIFTON HILL, Vic",https://glennhester.com.au/,2
GLOBAL HEADQUARTERS PTY LTD,"WINNELLIE, NT",https://www.globalheadquarters.com.au/,2
GLOBAL PICTURES PTY LTD,"SURRY HILLS, New South Wales",https://www.globalpictures.com.au/,21
GODRONE PTY LTD,"BURNETT CREEK, Qld",https://godronenow.com.au/,3
GOLDEN REPORT AND REPAIRS PTY LTD,"SUCCESS, Western Australia",https://goldenrr.com.au/,2
GOLDEN WALLABY PTY LTD,"PALM BEACH, Queensland",https://goldenwallaby.com/,15
Gordei KRASNOV,"GLEN IRIS, Vic",https://www.gordei.com.au/,2
GRAZEMATE PTY LTD,"GLEN ISLA, Queensland",https://grazemate.com/,44
GRIFFIN SPATIAL AND MAPPING PTY LTD,"PELICAN POINT, WA",https://www.griffinspatial.com.au/,2
GRIFFITH CITY COUNCIL,"GRIFFITH, NSW",https://www.griffith.nsw.gov.au/Home/Spotlight,5
GROUNDLVL MARKETING PTY LTD,"CATHERINE FIELD, New South Wales",https://groundlvl.com.au/,6
GROUNDWORK SURVEYS PTY LTD,"PEGS CREEK, Western Australia",https://www.groundworksurveys.com.au/,4
GUARDIANSKIES PTY LTD,"GREENVALE, Victoria",https://guardianskiesdrones.com.au/,4
HAMA TECH PTY. LTD.,"BIRKDALE, Queensland",https://www.delisted.com.au/ptycos/hama-tech-pty-ltd/,2
HARLEY DYKSTRA PTY LTD,"BUNBURY, WA",https://www.harleydykstra.com.au/,14
HARPY FILM SERVICES PTY LTD,"BRIGHTON, Victoria",https://dronesforhire.com.au/drone-operator/2367/HARPY%20Film%20Services,3
HARROART PTY LTD,"HIDDEN VALLEY, Qld",https://harroart.com/,15
HARVEY BLACK GROUP PTY LTD,"TOOWOOMBA, Qld",https://www.harveyblackgroup.com.au/,2
HAWKEYE IMAGERY PTY LTD,"APPLECROSS, WA",https://hawkeyeimagery.com.au/,3
HD IMAGERY PTY LTD,"LESMURDIE, WA",https://hdimagery.com.au/,2
HEIGHTENED VISION PTY LTD,"BRINSMEAD, Queensland",https://www.heightenedvision.com.au/,2
HELICOPTER RESOURCES PTY. LTD.,"TYABB, Vic",https://helicopterresources.com.au/,3
HELIMETREX PTY LTD,"STAFFORD HEIGHTS, Qld",https://www.helimetrex.com.au/,13
HEXFLIX PTY LTD,"WEST END, Qld",https://hexflix.com.au/,72
HIGGINS COATINGS PROPRIETARY LIMITED,"KELVIN GROVE, Queensland",https://www.higgins.com.au/,26
HIGH COUNTRY DRONES PTY LTD,"GLOUCESTER, New South Wales",https://www.highcountrydrones.com.au/,2
HIGHCOM TECHNOLOGY PTY LTD,"SYMONSTON, Australian Capital Territory",https://www.austandnzdefence.com/listings/listing_details/highcom-ltd,5
HILLGROVE RESOURCES LIMITED,"UNLEY, South Australia",https://hillgroveresources.com.au/,9
HOVER UAV PTY LTD,"MUDGEERABA, Qld",https://hoveruav.com.au/,10
HUTCH ENGINEERING SURVEYS PTY LTD,"TALLEBUDGERA VALLEY, Qld",https://abr.business.gov.au/ABN/View?abn=33597632624,2
HVPOWER MOUNT ISA PTY LTD,"BREAKAWAY, Qld",https://gateway.icn.org.au/suppliers/1591500,3
Ian Shanley,"GUNNEDAH, NSW",https://www.nvi.com.au/story/4056752/spruce-up-along-namoi-river/,6
IAN WILSON PHOTOGRAPHY PTY LTD,"Mt Clear, Vic",https://www.ianwilsonphotography.com.au/,2
ICHOR AUTONOMY PTY LTD,"MOUNT CROSBY, Qld",https://www.ichorautonomy.com.au/,8
ICON DISTRIBUTION INVESTMENTS LIMITED,"GREENWAY, Australian Capital Territory",https://www.iconwater.com.au/about-us/who-are-we,2
INDEPENDENT COMMISSION AGAINST CORRUPTION,"SYDNEY, NSW",https://www.youtube.com/watch?v=PpNYtZlztWY,39
INDIGIVISION PTY LTD,"HEATHRIDGE, Western Australia",https://indigivision.au/,14
INDIGO IT LABS PTY LTD,"WANGARATTA, Vic",https://iitl.com.au/,2
INDUSTRIAL DRONE SERVICES AUSTRALIA PTY LTD,"Upper Tooloom, NSW",https://au.linkedin.com/company/industrial-drone-services-australia,9
INDUSTRIAL SPATIAL SOLUTIONS PTY LTD,"MOUNT WARRIGAL, New South Wales",https://www.industrialspatial.com/,3
INNOVATIVE DRONE SERVICES PTY LTD,"EMERALD, Queensland",https://innovativedrones.com.au/,8
INSIGHT SURVEY PTY LTD,"YANDINA CREEK, Qld",https://insightsurvey.com.au/,50
INSITU PACIFIC PTY LTD,"ALDERLEY, Qld",https://insitupacific.com.au/blog/,9
INSPECTRA PTY LTD,"INNES PARK, Queensland",https://inspectra.com.au/,13
INTEGRAL SURVEYS PTY LTD,"ANNA BAY, New South Wales",https://www.integralsurveys.com.au/,5
INTEGRATED AVIATION SOLUTIONS PTY LTD,"PALMVIEW, Queensland",https://www.integratedaviationsolutions.com.au/,3
INTERMESH PTY LIMITED,"STUART PARK, Northern Territory",https://abr.business.gov.au/ABN/View/71080539626,2
INTERSOFT ELECTRONICS SERVICES APAC PTY. LTD.,"FLYNN, Australian Capital Territory",https://intersoft-electronics.com/news/press-release-intersoft-electronics-establishes-services-branch-in-asia-pacific/,2
INVISION MEDIA PTY LTD,"PADDINGTON, Qld",https://www.invision.com.au/,3
INVISO PTY. LTD.,"SEVEN HILLS, NSW",https://abr.business.gov.au/ABN/View/36117507874,2
IP TRAVEL PHOTOGRAPHY PTY LTD,"RANDWICK, New South Wales",https://iptravelphotography.com.au/,2
JACK ATKINSON SURVEYING PTY LTD,"COOMA, New South Wales",https://jasurveying.com.au/,5
JACOBS GROUP (AUSTRALIA) PTY LTD,"NORTH SYDNEY, NSW",https://abr.business.gov.au/Search/ResultsAll?SearchText=Jacobs%20Group%20(Australia)%20Pty%20Ltd&AllNames=False&EntityName=False&BusinessName=False&TradingName=False&NarrowSearch=False&SearchType=AllAbns&AllStates=True&ACT=False&NSW=False&NT=False&QLD=False&TAS=False&SA=False&VIC=False&WA=False&PostcodeDisplay=Informative&HideBreadcrumbs=False&HideSearchBox=False&HideLeftSideBar=False&ShowHelp=False&IsHomePage=False&NoIndex=False&ShowVersionNumber=False,26
JARROD BARNES PHOTOGRAPHY PTY LTD,"HEIDELBERG, Vic",https://www.jarrodbarnes.com/,2
JATACAKE ENTERPRISES PTY LTD,"THORNTON, New South Wales",https://buy.nsw.gov.au/supplier/profile/106812,3
JDS DRONE PASTURE SOLUTIONS PTY LTD,"CULMARAN CREEK, NSW",https://www.jdsdronepasturesolutions.com.au/home,3
JOE VITTORIO PHOTOGRAPHY PTY. LTD.,"BRUNSWICK EAST, Vic",https://www.joevittoriophotography.com/,2
JT DRONES PTY LTD,"INJUNE, Qld",https://insolvencynotices.com.au/company/jt-drones-pty-ltd,14
JUM MEDIA PTY LTD,"SHELL COVE, New South Wales",https://jummedia.com.au/,19
KALGOORLIE CONSOLIDATED GOLD MINES PTY LTD,"KALGOORLIE, WA",https://www.facebook.com/somalilandmineralores/videos/%F0%9D%97%9E%F0%9D%97%AE%F0%9D%97%B9%F0%9D%97%B4%F0%9D%97%BC%F0%9D%97%BC%F0%9D%97%BF%F0%9D%97%B9%F0%9D%97%B6%F0%9D%97%B2-%F0%9D%98%80%F0%9D%98%82%F0%9D%97%BD%F0%9D%97%B2%F0%9D%97%BF-%F0%9D%97%BD%F0%9D%97%B6%F0%9D%98%81the-kalgoorlie-super-pit-mine-is-a-large-gold-mine-located-i/1890093414807526/,3
KAPCHER PTY LTD,"Ferny Creek, Vic",https://kapcher.com.au/contact-us/,18
KLARITE PTY LTD,"WEMBLEY, Western Australia",https://klarite.com.au/,22
Koala Rescue Redlands & Surrounds Inc,"Thornlands, Queensland",https://koalarescueredlands.com.au/,3
KOSHKA MEDIA PTY LTD,"NORTH GOSFORD, New South Wales",https://koshkamedia.com.au/,18
KR SURVEYS PTY LTD,"MULLALOO, WA",https://krsurveys.com.au/,4
Land Solution Australia Pty Ltd,"MILTON, Queensland",https://www.landsolution.com.au/,2
LANDCARE AUSTRALIA LIMITED,"CHATSWOOD, New South Wales",https://landcareaustralia.org.au/,9
LANDSCAN PTY LTD,"ARMSTRONG CREEK, Victoria",https://landscan.ai/,11
Leifu SONG,"TOORAK, Victoria",https://au.linkedin.com/in/brucesong,11
Leonardo Nogueira de Moraes,"ABBOTSFORD, Vic",https://findanexpert.unimelb.edu.au/profile/255174-leonardo-nogueira-de-moraes,36
LEVERAGE 19 PTY LTD,"VERMONT, Victoria",https://gateway.icn.org.au/suppliers/1676838?search=1,4
LIBERTY INDUSTRIAL PTY LTD,"GLEBE, NSW",https://libertyindustrial.com/,5
LITTLE VIKING PRODUCTIONS PTY LTD,"ALTONA NORTH, Victoria",https://www.littlevikingproductions.com/,6
LMATS PTY LTD,"WILLIAMSTOWN, Victoria",https://aindt.com.au/member/lmats-pty-ltd-williamstown/,3
LOCATE3D. PTY LTD,"TOORMINA, NSW",https://locate3d.com.au/,7
LONE STAR SURVEYS PTY LTD,"HANNANS, WA",https://lonestarsurveys.com/,3
LUMEN FILMS PTY. LTD.,"MOSMAN, NSW",https://lumenfilms.com.au/home/,4
LUMINARIUM PTY. LTD.,"JINDIVICK, Vic",https://www.earthfrequency.com.au/luminarium,8
LUND SURVEY & CIVIL PTY LTD,"BURLEIGH HEADS, Queensland",https://www.lundsc.com.au/theme/styleguide,3
LUSH - THE CONTENT AGENCY PTY LTD,"PERTH, WA",https://au.linkedin.com/company/lushthecontentagency,15
MACKELLAR MINING PTY LTD,"NAMBOUR, Qld",https://abr.business.gov.au/ABN/View?abn=81150919761,2
MACRO CONSULTING SURVEYORS PTY LTD,"ARRAWARRA HEADLAND, NSW",https://www.macrosurveyors.com.au/,2
MACUTEX PTY. LTD.,"MELBOURNE, Victoria",https://www.macutex.com/,7
MAMBRE PTY LTD,"WARANA, Qld",https://mambre.com.au/,17
MARTEC AERIAL SERVICES PTY LTD,"SULKY, Vic",https://www.martecaerial.com.au/,2
MASONFILM PTY LTD,"ALLENBY GARDENS, South Australia",https://www.screenglobalproduction.com/country/australia/profile/masonfilm,3
MATTVISION PTY LIMITED,"GLENHAVEN, NSW",https://www.reverseaustralia.com/lookup/0296801118/,3
Mayur KATARIYA,"MOORABBIN, Vic",https://brokerpages.com.au/mortgage-broker/mayur-katariya/,12
McCallum Surveys Pty Ltd,"HILLARYS, WA",https://mccallumsurveys.com.au/,11
MCCONNELL DOWELL CONSTRUCTORS (AUST) PTY LTD,"Richmond, Victoria",https://austandnzdefence.com/listings/listing_details/mcconnell-dowell-constructors-aust-pty-ltd,6
MEASURE AUSTRALIA PTY LTD,"ARTARMON, NSW",https://www.measureaustralia.com.au/,11
MENAI CIVIL CONTRACTORS PTY. LTD.,"CAMPBELLTOWN, New South Wales",https://www.menaicivil.com.au/,2
MENSURA ENGINEERING SURVEYS PTY LTD,"YALYALUP, Western Australia",https://www.mensurasurveys.com.au/,7
METRO TRAINS MELBOURNE PTY. LTD.,"DOCKLANDS, Vic",https://lei.bloomberg.com/leis/view/254900VKM1EFSP01NQ55,3
MICHEL GROUP SERVICES PTY. LTD.,"NERANG, Qld",https://www.michelservices.com.au/,7
MIKE CARTER CONSULTING PTY LTD,"FORESTVILLE, SA",https://www.mikecarterconsulting.com.au/,2
MILE HIGH AERIAL PHOTOGRAPHY PTY LTD,"CORAMBA, NSW",https://mhap.com.au/,24
MILSEARCH PTY. LTD.,"WOLLONGONG, New South Wales",https://milsearch.com.au/,4
MINCKA ENGINEERING PTY LTD,"MUNDARING, Western Australia",https://mincka.com.au/,10
MINE EARTH PTY. LTD.,"O'CONNOR, WA",https://www.mineearth.com.au/,5
MINECOMP PTY. LTD.,"KALGOORLIE, WA",https://www.minecomp.com.au/,2
MINELIDAR PTY LTD,"PERTH, WA",https://minelidar.com.au/meet-the-team-peter-throughout-the-years/,11
MINTREX PTY LTD,"SUBIACO, WA",https://au.linkedin.com/company/mintrex,10
MISHEYE PTY LTD,"ESSENDON, Vic",https://www.misheye.com/,11
MISSION CONCEPTS AUSTRALIA PTY LTD,"CAMERON PARK, New South Wales",https://www.missionconcepts.com.au/,3
MISSION SYSTEMS PTY LTD,"LANE COVE WEST, New South Wales",https://www.missionsystems.com.au/,40
MODERN MAG PTY LTD,"HAVEN, Vic",https://www.modernmagnetic.com/,2
MONTEATH & POWYS PTY LTD,"NEWCASTLE WEST, NSW",https://www.whereis.com/nsw/newcastle-west-2302/yellowId-13054062,4
MORRIS CIVIL PTY LTD,"WENTWORTH POINT, New South Wales",https://www.morriscivil.com/,4
MORRISON AERIAL ROBOTICS PTY LIMITED,"NEWPORT, NSW",https://www.morrisonaerialrobotics.net/,3
MOTION SURVEYS PTY LTD,"PAYNEHAM, South Australia",https://motionsurveys.au/,17
MUAZ BAZIF,"INGLEWOOD, Western Australia",https://www.signalhire.com/people/muaz-bazif-email/144484799,25
MULTI ACCESS DRONE SOLUTIONS PTY LTD,"TAMAREE, Queensland",https://multiaccessdrones.com.au/,12
Multi Scan Pty Ltd,"EAST PERTH, WA",https://www.multiscan.digital/,4
MULTIMAC MEDIA PTY LTD,"WELLINGTON POINT, Qld",http://www.multimacmedia.com/,2
MURDOCH UNIVERSITY,"MURDOCH, WA",https://www.murdoch.edu.au/,16
MURRAY DARLING WETLANDS WORKING GROUP LTD,"ALBURY, NSW",https://mdwwg.com.au/,2
Murray John MILLER,"Poochera, SA",https://www.facebook.com/7NEWSAdelaide/videos/murray-john-miller-pleads-guilty-to-abusing-child/508078395628003/,5
MUSHROOM CREATIVE HOUSE PTY LTD,"SOUTH MELBOURNE, Victoria",https://mushroomcreative.com/,5
NACAP PTY LTD,"DONCASTER, Vic",https://www.nacap.com.au/,18
NALLAWILLI BUNJIL PTY LTD,"BROOKVALE, New South Wales",https://bunjilview.com.au/,2
NANGKITA DAIRIES PTY LTD,"NANGKITA, South Australia",https://www.lacasa.com.au/jake-connor/,4
NARRABRI SHIRE COUNCIL,"NARRABRI, NSW",https://www.narrabri.nsw.gov.au/Our-Community/Our-Community-Landing-Page,5
NATANT GROUP PTY LTD,"MOUNT MARTHA, Vic",https://abr.business.gov.au/ABN/View/33600695930,2
NATIONAL DRONES PTY LTD,"FORTITUDE VALLEY, Qld",https://nationaldrones.com.au/,30
National Heavy Vehicle Regulator,"NEWSTEAD, Qld",https://www.nhvr.gov.au/news-events/hv-tv/local-government-videos,3
NATURA PACIFIC PTY LTD,"BURLEIGH, Qld",https://www.shiftgreenhub.com.au/eco-services/natura-pacific,23
NELSON-FURNELL PTY LTD,"CRIB POINT, Vic",http://www.nelson-furnell.com.au/,3
NEXT STEP SURVEYING PTY LTD,"AROONA, Queensland",https://www.nextstepsurveying.com.au/,14
NEXUS TECHNICAL GROUP PTY LTD,"PEREGIAN SPRINGS, Queensland",https://nexustechnicalgroup.com/,6
NIGHTVISION ECOLOGY PTY LTD,"COORANBONG, New South Wales",https://au.linkedin.com/company/nightvision-ecology,4
NINOX ROBOTICS PTY LTD,"NORTH LAKES, Qld",https://ninox-robotics.com/,27
North East Survey Design Pty Ltd,"WANGARATTA, Vic",http://www.nesd.com.au/,4
NORTH METROPOLITAN TAFE,"EAST PERTH, WA",https://www.northmetrotafe.wa.edu.au/campuses/east-perth,3
NORTH REGIONAL TAFE,"BROOME, WA",https://www.northregionaltafe.wa.edu.au/campuses/broome?field_campuses_target_id%5B0%5D=164&page=2,4
NQ AEROVATION PTY LTD,"BOWEN, Queensland",https://www.nqaero.com.au/,9
OCEANIA SCIENCES INTERNATIONAL PTY LTD,"MALVERN EAST, Victoria",https://oceaniasciences.com/Contact-Us~57,2
ODIN FLY PTY LTD,"CAULFIELD SOUTH, Victoria",https://odinfly.com/,2
ON POINT DRONES PTY LTD,"CAMPBELLS CREEK, Victoria",https://onpointdrones.com.au/,8
ON THE DAY FILMS PTY LTD,"BUDDINA, Qld",https://onthedayfilms.com/,7
ON TOP ROOFING SOLUTIONS PTY LTD,"MANLY VALE, NSW",https://www.ontop.com.au/,3
ONE TWO SHOOT MEDIA PTY LTD,"BURLEIGH HEADS, Qld",https://www.onetwoshootmedia.com/,31
ONPOINT AG DRONES PTY LTD,"MOLONG, NSW",https://onpointagdrones.com.au/,3
OPERATOR SOLUTIONS PTY LTD,"BRIDPORT, Tasmania",https://www.reverseaustralia.com/lookup/0363560350/,3
ORIGIN NET PTY. LTD.,"SYDNEY, NSW",https://originnet.com.au/,2
OTTO STUDIOS PTY LTD,"NICHOLS POINT, Vic",https://www.ottostudios.com.au/contact/,3
OUTRIGHT SURVEYING PTY LTD,"CLAYTON, Victoria",https://outrightsurveying.com.au/,6
OVER HEAD MAINS SERVICES PTY LIMITED,"MOUNT ELLIOT, NSW",https://buy.nsw.gov.au/supplier/profile/81942,3
OXIGENO PTY LTD,"BUDERIM, Queensland",https://abr.business.gov.au/ABN/View/52125478346,2
PACIFIC SURVEY PTY LIMITED,"PORT MACQUARIE, NSW",https://www.whereis.com/nsw/port-macquarie-2444/yellowId-1000002993520,26
PANASONIC STUDIO PRODUCTIONS PTY LTD,"BLUE MOUNTAIN HEIGHTS, Qld",https://pspvideo.com.au/,5
PARAMOUNT DRONE SERVICES PTY LTD,"TRAFALGAR SOUTH, Vic",https://www.paramountdroneservices.com.au/,5
PATON AIR PTY. LTD.,"SOUTH YARRA, Vic",https://www.patonairhelicopters.com.au/,2
PCH SURVEY PTY LTD,"PERTH, Western Australia",https://pchcivil.com.au/our-capabilities/survey/,5
PEGASUS AIRBORNE SYSTEMS PTY LTD,"MORLEY, WA",https://pegair.com.au/,2
PEMBERTON PRODUCTIONS PTY LTD,"CROMER, NSW",https://pembertonproductions.com.au/,4
PENINSULA ENGINEERING MANAGEMENT SERVICES PTY LTD,"LAGUNA, New South Wales",https://buy.nsw.gov.au/supplier/profile/8581,3
PHIRE-1 SOLUTIONS PTY LTD,"KATOOMBA, NSW",http://phire1solutions.com/,4
PHOTO DRONES PTY LTD,"CANTERBURY, Vic",https://www.photodrones.com.au/,3
PICTURES WITH SOUND PTY LTD,"MANLY, NSW",https://www.pictureswithsound.com/,3
PILBARA DRONES PTY LTD,"PEGS CREEK, WA",https://pilbaradrones.com.au/,4
PILEX ENERGY PTY LTD,"DALWOOD, NSW",https://buy.nsw.gov.au/supplier/profile/8840,3
PLANETARY GEOPHYSICS PTY LTD,"EAGLE FARM, Queensland",https://www.planetarygeophysics.com/,2
PLANETORQUE AUSTRALIA PTY LTD,"GREENFIELDS, WA",https://www.ptaaus.com.au/,2
PLATINUM DRONES PTY LTD,"PALM BEACH, Qld",https://platinumdrones.com.au/,2
PLEXUS AI PTY LTD,"PARRAMATTA, New South Wales",https://www.plexus.co/,9
PLOTLOGIC PTY LTD,"RED HILL, Qld",https://plotlogic.com/,27
POLYBEE AUSTRALIA PTY LTD,"Bundoora, Vic",https://polybee.co/blog/polybee-expands-into-anz-with-the-launch-of-an-australian-subsidiary,3
PRAETORIAN AERONAUTICS PTY. LTD.,"HENDON, South Australia",https://praetorian-aeronautics.com/,5
PRECISE POSITIONING SOLUTIONS PTY LTD,"EMERALD, Qld",https://ppsurveys.com.au/,2
PRECISE SURVEYS PTY LTD,"MERRIWA, WA",https://precisesurveys.com.au/,5
PRECISION AG SERVICES PTY LTD,"FOREST HILL, Qld",https://precisionagservices.com.au/,6
PRESTON & SONS CONSTRUCTION PTY LTD,"NORTH NOWRA, NSW",https://prestonandsons.com.au/planning/building-ebooks,2
PRIME PERSPECTIVES PTY LTD,"TREVALLYN, Tas",https://www.primeperspectives.com.au/,3
PRIVATE ENERGY PARTNERS PTY LTD,"BRISBANE CITY, Queensland",https://private-energypartners.com/,6
PROTERRA PARTNERS PTY LTD,"SUBIACO, WA",https://www.proterrapartners.com.au/,5
PSAH DRONE SERVICES PTY LTD,"CLONTARF, Queensland",https://www.psahdroneservices.com.au/services/thermal-thermographic-survey/,4
PTG CONSULTING PTY LTD,"ORMEAU, Queensland",https://ptgconsulting.com.au/,5
PUBLIC SAFETY TRAINING & RESPONSE GROUP PTY LTD,"OXLEY, Queensland",https://www.pstrgroup.com/enrolment-form/,4
PULSAR SUPERNOVA PTY LTD,"CALWELL, Australian Capital Territory",https://www.pulsarsupernova.com.au/,6
PURE GOLD FILMS PTY LTD,"MORNINGSIDE, Queensland",https://puregoldfilms.com.au/,12
PURESPORTS PTY LTD,"ELANORA, Qld",https://www.rohloff-au.com/puresports-distributor,11
QUBE PRODUCTIONS PTY LTD,"NORTH CURL CURL, New South Wales",https://www.qubeproductions.com.au/,43
QUEENSLAND HYDRO PTY LTD,"BRISBANE CITY, Queensland",https://qldhydro.com.au/,6
RADIAL SYSTEMS PTY LTD,"FORTITUDE VALLEY, Queensland",https://radialsystems.io/,2
RASTEC PTY LTD,"BRAY PARK, Queensland",https://rastec.com.au/,10
RATSSTECH PTY LTD,"MILFORD, Queensland",https://ratsstech.com.au/,2
RECONECO PTY LTD,"LISMORE, NSW",http://reconeco.com.au/,5
REGIS RESOURCES LIMITED,"SUBIACO, WA",https://www.azomining.com/Suppliers.aspx?SupplierID=487,4
REIGNSCOTT DRONE IMAGERY PTY LTD,"NEWBOROUGH, Vic",https://au.linkedin.com/company/reignscott-drone-imagery-pty-ltd,3
RELIABLE SOFTWARE SOLUTIONS PTY LTD,"Wakerley, Qld",https://reliablesoftware.com.au/,3
REMSENSE PTY LTD,"PERTH, Western Australia",https://remsense.com.au/,138
REMX AUSTRALIA PTY LTD,"ASCOT, WA",https://www.linkedin.com/posts/remx-australia_remx-remxaustralia-mining-activity-7277302581230555136-suRF,3
REVARO PTY LTD,"PAKENHAM, Victoria",https://www.revaro.com.au/,33
REVOLUTION AEROSPACE PTY LTD,"REDCLIFFE, Queensland",https://www.revn.aero/,4
RICH PICTURES PTY LTD,"COLLAROY PLATEAU, NSW",https://www.richpictures.com.au/,5
Richard John WILLIAMS,"DUBBO, NSW",https://www.dailyliberal.com.au/story/6527258/kangaroo-blamed-for-crash-that-led-to-driver-being-found-with-ice-in-his-system/,3
RIEGL AUSTRALIA PTY LTD,"VARSITY LAKES, Queensland",https://www.riegl.com/en-australia/,4
RIGORE PTY LTD,"Wagga Wagga, New South Wales",https://www.rigore.com.au/,4
ROBINSON ENGINEERING SURVEYS PTY LTD,"GLADSTONE, Qld",https://www.resurveys.com.au/,3
ROSE PRODUCTIONS PTY. LTD.,"SURREY HILLS, Vic",https://abr.business.gov.au/AbnHistory/View?id=22111629193,2
ROTORBORNE PTY LTD,"CARRINGTON, New South Wales",https://www.australiacheck.com/nsw/rotorborne,4
ROY HILL HOLDINGS PTY LTD,"PERTH AIRPORT, WA",https://www.australiantrainingawards.gov.au/finalists/roy-hill-holdings,2
RPAS AUSTRALIA PTY LTD,"SMITHS LAKE, NSW",https://www.rpasaustralia.com.au/,2
RPASEQUIP PTY LTD,"POINT COOK, Vic",https://rpasequip.com.au/,7
"SAAD, JOSEPH","SOUTH MORANG, Vic",https://courttrace.com.au/record/vic-saad-joseph-mag-r10500941-20260119-0930am,15
SAVAGE AG DRONE SERVICES PTY LTD,"Manchester Square, NSW",https://www.savageagdrones.com.au/,2
SCI-EYE PTY LTD,"LINDENDALE, NSW",https://scieye.com.au/,9
SCIENTIFIC RESEARCH DEVELOPMENT INSTITUTE OF TECHNOLOGY AUSTRALIA PTY LTD,"MEADOWBROOK, Queensland",https://srdita.edu.au/,6
SCOPIQS PTY LTD,"TARINGA, Qld",https://www.scopiqs.com.au/,5
SCSURVEYS PTY LTD,"NAMBOUR, Queensland",https://scsurveys.com.au/home,2
SEARCH AND RESCUE SERVICES PTY LTD,"GOONELLABAH, NSW",https://searchandrescueservices.com.au/,3
SECURITY OF SUPPLY GROUP PTY LTD,"ASPENDALE GARDENS, Victoria",https://www.securityofsupply.com.au/,4
SEISMIC ASIA PACIFIC PTY LTD,"SALISBURY, Qld",https://www4.lead411.com/company_Seismic_Asia_Pacific_Pty_Ltd_3630500.html,5
SHADFORTH'S CIVIL PTY LTD,"FOREST GLEN, Qld",https://abr.business.gov.au/ABN/View?id=56090018983,3
SHARPIMAGETV PTY. LTD.,"RANDWICK, NSW",https://www.sharpimagetv.com.au/,74
SHIFT GEOPHYSICS PTY. LTD.,"WEST PERTH, Western Australia",https://au.linkedin.com/company/shift-geophysics,8
SIRIUS RADIUS PTY LTD,"BEECROFT, NSW",https://www.siriusradius.com.au/,2
SKIES UNLIMITED LTD,"SURF BEACH, Vic",https://www.acnc.gov.au/charity/charities/9536e03e-794e-ed11-bba2-002248122b18,2
SKY DRONE PTY. LTD.,"BERWICK, Victoria",https://www.skydrone.com.au/,15
SKY MONKEY PTY LTD,"RYDALMERE, New South Wales",https://www.skymonkey.com.au/,21
SKY PERTH PTY LTD,"HAMMOND PARK, WA",https://dronesforhire.com.au/drone-operator/1419/SKY%20PERTH%20PTY%20LTD,3
SKY PIXELS PTY LTD,"HALLS HEAD, WA",https://skypixels.com.au/,2
SKYCROPPERS PTY LTD,"GRIFFITH, NSW",https://www.skycroppers.com.au/,35
SKYHIGH DRONE SOLUTIONS PTY LTD,"CONDELL PARK, New South Wales",https://www.skyhighdronesolutions.com.au/,4
SKYNET AERIAL IMAGING PTY. LTD.,"BAULKHAM HILLS, New South Wales",https://www.whereis.com/nsw/baulkham-hills-2153/yellowId-1000001899169,4
SKYSIGHT PTY LTD,"ROWVILLE, Victoria",http://www.skysight.com.au/contact/,7
SMASH PHOTOGRAPHY PTY LTD,"CARRAMAR, Western Australia",https://abr.business.gov.au/ABN/View?abn=77635844021,2
SOUTHERN DRONES PTY LTD,"MORPHETTVILLE, SA",https://www.southern-drones.com/,6
SPATIAL TECHNOLOGIES PTY LTD,"BENTLEIGH, Victoria",https://spatialtechnologies.com.au/,6
SPECTRUM ECOLOGY PTY LTD,"LEEDERVILLE, Western Australia",https://spectrumecology.com.au/,5
SPECTRUM SURVEYS PTY LTD,"KALGOORLIE, Western Australia",https://www.spectrumsurveys.com.au/,7
SPENCER SURVEYS PTY LTD,"BULIMBA, Qld",https://www.spencersurveys.com.au/,6
SPOT IT DRONES PTY LTD,"ORION, Queensland",https://www.spotitdrones.au/,5
SPOT ON DRONES PTY LTD,"Flowerdale, Vic",https://www.spotondrones.com/,16
SQUADRONE PTY LTD,"SOUTH LAKE, WA",https://squadrone.com.au/,28
ST SPATIAL PTY LTD,"BALCATTA, WA",https://www.stspatial.com.au/,5
STATE SURVEYS PTY LTD,"MARLESTON, South Australia",https://www.statesurveys.com.au/,9
STEPPING STONE FILMS PTY LTD,"ABBOTSFORD, Victoria",https://www.steppingstone.com.au/,13
STEVTECH PTY LTD,"DUBBO, New South Wales",https://stevtech.com.au/,40
STEWART SURVEYS PTY. LTD.,"GUNNEDAH, NSW",https://stewartsurveys.com/,3
STORM SPATIAL PTY LTD,"ARMSTRONG CREEK, Vic",https://stormspatial.com.au/,6
STRATFORD COAL PTY LTD,"Craven Road, NSW",https://www.whereis.com/nsw/craven-2422/yellowId-15544603,4
STRUCTURAL INTEGRITY ENGINEERING PTY LTD,"KEDRON, Qld",https://de.linkedin.com/company/structural-integrity-engineering-pty-ltd,27
STUART JAMES PTY LTD,"MITCHELTON, Qld",https://www.stuartjames.com.au/,6
SUBLIME SURVEYS PTY LTD,"MOUNT KEMBLA, New South Wales",https://www.sublimesurveys.com.au/,9
SUN DATA SOLUTIONS PTY LTD,"ROWVILLE, Vic",https://sundatasolutions.com/,9
SUNRISE SURVEYING PTY LTD,"HAMILTON, Queensland",https://sunrisesurveying.com.au/,20
SUPERIOR DRONE PHOTOGRAPHY PTY LTD,"BRACKEN RIDGE, Qld",https://superiordronephotography.com.au/,6
SURVEY LOGISTICS PTY LTD,"LESCHENAULT, WA",https://www.surveylogistics.net/,12
SURVEY MANAGEMENT SOLUTIONS PTY. LTD.,"CAMPBELLFIELD, Vic",https://surveyms.com.au/category/infrastructure/,2
SURVEYORS AT WORK PTY LTD,"PIALBA, Qld",https://surveyorsatwork.com.au/,4
SWAN FACADE SERVICES PTY LTD,"OSBORNE PARK, Western Australia",https://www.swanfacadeservices.com.au/,7
SYDNEY TRAINS,"SYDNEY, NSW",https://transportnsw.info/travel-info/ways-to-get-around/train,3
SYNCTEGRAL PTY LTD,"Pemulwuy, New South Wales",https://www.synctegral.com.au/contact-3,27
SYNERGY SURVEYS PTY LTD,"BULGARRA, Western Australia",https://synergysurveys.com.au/,9
TAILORED SPATIAL SOLUTIONS PTY LTD,"PORTSMITH, Queensland",https://www.tailoredspatialsolutions.com.au/,4
TALON ZULU PTY LTD,"BURNSIDE, South Australia",https://au.linkedin.com/company/talonzulu,5
TARAGO OPERATIONS PTY LTD,"TARAGO, NSW",https://www.auscompanies.com/en/87127810413/Tarago-Operations-Pty-Ltd,7
TATTERSALL LANDER PTY LTD,"RAYMOND TERRACE, NSW",https://tatland.com.au/,7
TAZ DRONE SOLUTIONS PTY LTD,"SHEFFIELD, Tas",https://abr.business.gov.au/ABN/View?abn=40622970594,2
TERRA SANA CONSULTANTS PTY LTD,"KARANA DOWNS, Qld",https://terrasanaconsultants.com/,5
TERRA SOLUTIONS PTY LTD,"CURRAJONG, Queensland",https://www.terrasolutions.com.au/,4
TERREGEN PTY LTD,"TOOWOOMBA CITY, Queensland",https://www.terregen.com.au/,6
TEXTRON SYSTEMS AUSTRALIA PTY LTD,"NOTTING HILL, Vic",https://www.textronsystems.com/textron-systems-australia,8
TH3RD DIMENSION MEDIA PTY LTD,"CANNONVALE, Queensland",https://th3rddimension.com/,8
THE ALL IN 1 CREW PTY LTD,"WARWICK, Western Australia",https://theallin1crew.com.au/,3
THE IMAGE VISION GROUP PTY LTD,"BOX HILL, Vic",https://tivg.com.au/,2
THE UNIVERSITY OF SYDNEY,"THE UNIVERSITY OF SYDNEY, NSW",https://www.sydney.edu.au/,5
The University of Western Australia,"Crawley, WA",https://www.uwa.edu.au/home,5
THEDRONECO PTY LTD,"ADELAIDE AIRPORT, SA",https://www.whereis.com/sa/adelaide-airport-5950/yellowId-1000002239520,24
THIS IS CREATIVE PTY LTD,"TURNER, ACT",https://www.thisiscreative.com.au/,3
THOMSON AIRBORNE PTY LTD,"GRIFFITH, NSW",https://thomsonair.com.au/,6
TIERCE GROUP PTY LTD,"MARRICKVILLE, NSW",https://tierce.com.au/,2
Timothy John KERR,"MOORE CREEK, NSW",https://abr.business.gov.au/Search/ResultsAll?SearchText=timothy+keir,2
TINKERY PTY. LTD.,"ANNANDALE, NSW",https://www.tinkery.com.au/?srsltid=AfmBOooicdL1l6-VjiU4NH5M60IOCpZL6bwrJS_6YpV9yP92ZTjLqPeL,13
TITANIUM SERVICES GROUP PTY LTD,"KINGSGROVE, NSW",https://www.tisg.com.au/,3
TRACEY BRUNSTROM & HAMMOND PTY. LTD.,"MELBOURNE, Vic",https://tbhconsultancy.com/,2
TRACKZ PTY LTD,"RED ROCK, NSW",https://www.trackz.tech/,5
TRANSPORT FOR NSW,"EVELEIGH, NSW",https://www.transport.nsw.gov.au/,10
TRAVERSE SURVEYING PTY LTD,"ORANGE, New South Wales",https://traversesurveying.com.au/,3
TREE BREEDING AUSTRALIA LIMITED,"MOUNT GAMBIER, SA",https://treebreeding.com/event/annual-general-meeting---tba/88/,4
TWINING SERVICES PTY LTD,"WOODCROFT, SA",https://abr.business.gov.au/ABN/View/17108187060,2
UAS PACIFIC PTY LTD,"GAYTHORNE, Qld",https://uaspacific.com/,2
UASCI Limited,"MORLEY, WA",https://uasciltd.com.au/,6
UAV SKILLS PTY LTD.,"MAROOCHYDORE, Qld",https://skillsgeneration.com.au/students-gain-full-25kg-remote-pilot-licence-flying-the-dji-matrice-m600-pro-with-uav-skills/,7
UAV VISION PTY LTD,"NORTH MELBOURNE, Victoria",https://www.ascentvision.com.au/uav-vision-announces-company-rebrand-to-avt-australia/,4
UAVISUALS PTY LTD,"QUINNS ROCKS, Western Australia",https://uavisuals.com/,27
ULTIMATE SECURITY AUSTRALIA PTY LTD,"CONCORD, NSW",https://www.zestapp.com.au/security/ultimate-security-australia/f04ade08-57c3-4887-8851-53423d7364a2,28
ULTOR PTY LTD,"OLINDA, Vic",https://ultor.com.au/contact,5
UNCREWED AERIAL SYSTEMS AUSTRALIA PTY LTD,"HEATHRIDGE, Western Australia",https://www.uasa.com.au/,4
UNDERGROUND IQ PTY. LTD.,"NINGI, Queensland",https://undergroundiq.com.au/category/news/,3
UNIVERSITY OF TASMANIA,"SANDY BAY, Tasmania",https://sparc.utas.edu.au/index.php/tasmania-hobart-sandy-bay,2
UNMANNED PRECISION PTY LTD,"South MaClean, Qld",https://unmannedprecision.com/,4
UPSCALE CARBON PTY LTD,"TOOWOOMBA CITY, Queensland",https://upscalecarbon.com.au/,4
VANTAGE PIXELS PTY LTD,"BEAUMONT HILLS, NSW",https://www.vantagepixels.com.au/,3
VERASYS PTY LTD,"MEDOWIE, New South Wales",https://verasys.com.au/,5
VERT PROD PTY LTD.,"BOTANY, New South Wales",https://www.vertprod.com/,4
VERTECH GROUP PTY LTD,"OSBORNE PARK, WA",https://www.whereis.com/wa/osborne-park-6017/yellowId-1000002381673,4
VICTORIAN GREEN WORK PTY LTD,"RINGWOOD, Vic",https://greenworks.com.au/,2
VICTORIAN PEST ANIMAL CONTROL PTY LTD,"BORONIA, Vic",https://www.vicpestanimalcontrol.com.au/,5
VISION TV PTY LTD,"FAULCONBRIDGE, New South Wales",https://www.visiontv.com.au/,2
VITAL CHEMICAL PTY. LTD.,"DARRA, Qld",https://vitalindustries.com.au/projects/stabilisation-solutions-for-brisbane-based-development-site/,5
VMATION PTY LTD,"ST LUCIA, Qld",https://www.vmation.com.au/,37
VOLARE SERVICES GROUP PTY LTD,"EAST FREMANTLE, Western Australia",https://au.linkedin.com/company/volare-services-group,19
VORTEX DRONES PTY LTD,"BARNEY VIEW, Qld",https://www.vortexdrones.com.au/,8
VURSIV PTY LTD,"MANLY, New South Wales",https://au.linkedin.com/company/vursiv,7
WA PLANTATION RESOURCES PTY LTD,"BUNBURY, WA",https://web.wapres.com.au/growing-our-economy/,3
Warddeken Land Management Limited,"West Arnhem, NT",https://www.facebook.com/Warddeken/photos/d41d8cd9/1063730685890194/,4
WATERGUM COMMUNITY INC,"BURLEIGH HEADS, Queensland",https://watergum.org/,2
Wedge-Tail Pictures Pty Ltd,"REDFERN, NSW",https://www.wedgetailpictures.com/,11
WEDGETAIL ACADEMY PTY LTD,"PERTH, Western Australia",https://www.wedgetailacademy.com/,6
WEDGETAIL AEROSPACE PTY LTD,"JANDAKOT, WA",https://www.wedgetailaerospace.com/,5
WELLCOM GROUP PTY LTD,"DARLINGHURST, New South Wales",https://abr.business.gov.au/Search/ResultsAll?SearchText=wellcom%20group%20limited&AllNames=False&EntityName=False&BusinessName=False&TradingName=False&NarrowSearch=False&SearchType=ActiveAbns&AllStates=True&ACT=False&NSW=False&NT=False&QLD=False&TAS=False&SA=False&VIC=False&WA=False&PostcodeDisplayName=Postcode%20(required%20for%20DGR%20%26%20Charity%20search%20options%20if%20Name%20is%20blank)%3A&HideBreadcrumbs=False&HideSearchBox=False&HideLeftSideBar=False&ShowHelp=False&IsHomePage=False&NoIndex=False&ShowVersionNumber=False,2
WESTERN SYDNEY UNIVERSITY,"RYDALMERE, NSW",https://grokipedia.com/page/western_sydney_university_parramatta_campus,24
WILD HIVE DRONES PTY LTD,"LARA, Victoria",https://www.wildhivedrones.com.au/,2
WILDLIFE DRONES PTY. LTD.,"ACTON, ACT",https://wildlifedrones.net/,118
WILDLIFE RESOURCES AUSTRALIA PTY LTD,"WANGARATTA, Vic",https://vpmaa.org.au/vpmaa-members/wildlife-resources-australia/,2
WILKIN AG DRONES PTY LTD,"ELBOW VALLEY, Queensland",https://www.wilkinagdrones.com/,8
WILLAVAGO PTY LTD,"TOLL, Queensland",https://www.willavago.com.au/,30
William Francis WATT,"FLEMINGTON, Vic",https://www.awm.gov.au/collection/P10033598,2
WINDMILL MEDIA PTY LTD,"CREMORNE, New South Wales",https://www.facebook.com/100063476503178/photos/d41d8cd9/1464541145671755/,8
WING AVIATION PTY LTD,"ACT, MITCHELL",https://wing.com/,8
WINYAMA PTY LTD,"BURSWOOD, WA",https://www.winyama.com.au/,6
WITT CONSULTING PTY LTD,"CHIPPENDALE, New South Wales",https://www.witt.com.au/,7
WOLLONGONG CITY COUNCIL,"WOLLONGONG, NSW",https://data.nsw.gov.au/data/organization/58253626-f4b2-4bdf-a868-098a1bb193c5?tags=Wollongong&res_format=TXT&license_id=lsba,3
WORKING DRONES AUSTRALIA PTY LTD,"WRIGHT, ACT",https://workingdrones.com.au/,7
Wui Lee Tan,"DAGLISH, WA",https://au.linkedin.com/in/wui-lee-tan-b6a56357,36
X-DRONE AGRICULTURAL SERVICES PTY LTD,"GISBORNE, Victoria",https://www.x-drone.com.au/,2
XPATIAL PTY LTD,"SOUTH MELBOURNE, Victoria",https://www.xpatial.com.au/,26
YORK STUDIOS PTY LTD,"SOUTH MELBOURNE, Vic",https://www.yorkstudios.tv/,2
ZELDA DEVELOPMENTS PTY LTD,"Bangalow, NSW",https://abr.business.gov.au/ABN/View?id=65131090867,2
ZONE 50 ENGINEERING SURVEYS PTY LTD,"BELMONT, WA",https://www.zone50.com.au/,7
