Company Name,Responsible Person
Sky Elements LLC,Preston Ward
Mitchell Madsen,Mitchell Madsen
Grady Smith,Grady Smith
Jared Camba,Jared Camba
Nathaniel Spear,Nathaniel Spear
Greenville Police Department (TX),LT Dallas Fouse #308
Great Lakes Drone Company LLC,Matthew Quinn
AirFox Photography LLC,John Buvala
Derek Mohler,Derek Mohler
MassDOT Aeronautics,Christopher Bailey
AirFox Photography LLC,John Buvala
NOAA,Clinton Dykes
Michael Kim,Michael Kim
Ethan Dorer,Ethan Dorer
The City of Oklahoma City,Kevin Charles Oravetz
Keith Madigan,Keith Madigan
Aerial Illuminations Drone Shows,Niroshan Senanayake
Derek Lyon,Derek Lyon
TraceAir Technologies,Joel Sherman
Ethan Tarran,Ethan Tarran
Firefly Drone Shows,Jonathan Hearl
"Great Lakes Drone Company, LLC",Matthew Quinn
"Overlay Aerials, Inc.",James Harry Dempsey III
Remnant Technology Inc. /d/b/a Drone Crop Services,Joel M Jones
John Krasuski,John Krasuski
Sentinel Robotic Solutions,Jason Taylor
Santee Cooper,Bradley Malone
Spectrum Networks,Luca DeSando-Grassi
Raymond Price,Raymond Price
Duke Energy Aviation Services,Alex Justice
Black Bear Drone Services LLC,Jerrad Coffin
Robert Worth Biggs,Robert Worth Biggs
Flying Lion Inc.,James Richardson
"Rummel, Klepper, & Kahl, LLP",Alexander Hall
Chevron,Kasten Despaux
TraceAir Technologies,Joel Sherman
Aero Velocity,Seth Allen
Pacific Gas and Electric,Kellen Kirk
BNSF Railway,Brent W. York
Magical Light Shows LLC,Tom BetGeorge
Frontier Precision,Wyatt Robbins
Nikolay Anishchenko,Nikolay Anishchenko
Pacific Fieldworks LLC,Kevin Palumbo
Derek Lyon,Derek Lyon
LuluPepper Media LLC,Randall J Langton
Rosemar Contracting,William Quinn
Orlando Police Department,Eric Smith
River Valley Aerials LLC,Shawn Murphy
Rollinsford Police Department,Mitchell Brooks
University of St. Thomas Police Department,Heliman Jenkins
UMD UAS Research and Operations Center,Grant Williams
Cleburne County Sheriff's Office,Dalton Wayne Sims
Fort Lee Police Department,Joseph Zevits
Vanderbilt University Police Department,Patrick Sean Conwell
Santa Barbara Sheriff's Office,Cliff Cabasag
North St. Paul Police Department,Ray Rozales
Anduril Industries,Jayden Wong
Protocol UAS,Robert Knochenhauer
Drew Taylor Morris,Drew Taylor Morris
Neil Morse,Neil Morse
SUNY Upstate,Sebastian Ibanez
Nicklas Hendershot,Nicklas Hendershot
SkyTrace Drones LLC,Jeremy Parquette
Edward Ashley,Edward Ashley
Mark Raybin,Mark Raybin
Morning Star,Shane Eccles
Christopher Foster,Christopher Foster
"Choperazzi, LLC",Paul Grosso
Joseph Baran,Joseph Baran
Nils William Nilsen,Nils William Nilsen
Amin Ahmed,Amin Ahmed
ResilienX,Angelo Niforatos
R.B. Jergens,Peyton Smith
Mid-Atlantic Aviation Partnership,Tombo Jones
MassDOT Aeronautics,Christopher Bailey
American Electric Power,Patrick Rackley
Sky Elements LLC,Preston Ward
Sky Elements LLC,Preston Ward
Rainmaker Technology Corporation,Sam Kim
ComEd UxS Program,Victor Hugo Migliore
Douglas Hargis,Douglas Hargis
Rainmaker Technology Corporation,Sam Kim
Rainmaker Technology Corporation,Sam Kim
Rainmaker Technology Corporation,Sam Kim
Rainmaker Technology Corporation,Sam Kim
R.B. Jergens,Peyton Smith
Flock Group Inc,Kaleb Gould
Dominion Energy Unmanned Systems Group,Thomas F Butler
SkyTrace Drones LLC,Jeremy Parquette
Amazon.com Services LLC,Wilson Ragle
Kentucky Transportation Cabinet,Samuel Turner
Mesa Associates Inc,Lance Geren
Matthew Sanner,Matthew Sanner
Humphreys County Sheriff’s Office,Jason DeMark
Pine County Sheriff's Office,Bradley Carlson
University of Connecticut Fire Department,Christopher Renshaw
"University of Maryland, Baltimore Office of Emergency Management",Christopher Stanton
Richfield Fire Department,Gregory West
Burlington Police Department,Kyle Yeh
Strafford County Sheriff's Office,Justin Bellen
Salisbury Police Department,Timothy Justin Crews
FireBot Labs Inc.,Jonathan Collazo
The Ohio Department of Transportation,Richard Fox
AECOM Hunt,Austin Kappes
AECOM Hunt,Austin Kappes
New Jersey Transit Corporation,Andrew Schwartz
Sydney Bowman,Sydney Bowman
Maverick Drone Systems LLC,Brooke Miller
Dominion Energy Unmanned Systems Group,Thomas Butler
Trust Automation Inc,Glenn Johnson
IOHK Drone Program,Marvin Browning
"Tripod Productions, LLC",Evan Griffith
AirFoxPhotographyLLC,John Buvala
mqaa151b,Toby Woods
John Hutto,John Hutto
"[Amazon.com Services, LLC's](Amazon)",Christopher Morrow
New River Scanning LLC,Daniel Gott
The World Protection Group,Kent Moyer
Orangeburg County Fire District,Teddy D Wolfe
"Matador UAS Logistics, LLC",Catherine Self
Jaclynne Polcino,Lucas Sirotniak
Matternet,Alexander Norman-Elvenich
GCU Public Safety Drone Team,Robert Kuhn
CHS INC,Jeff Goetzke
"Enel North America, Inc.",William Portash
Justin Nelson,Justin Nelson
Blue Ridge Electric Membership Corporation,Dallas Goodnight
DoorDash,Jim OSullivan
SkyMul,Eohan George
FireBot Labs Inc.,Jonathan Collazo
"SB Flight Training, LLC",Devon Edwards
UAV Pro,Jacob Allman
Artesia Police Department,Anthony Dean Heady
Albemarle County Fire Rescue,Micaiah Joseph Ledford
Jenness Keller,Jenness Keller
Deus X Defense,Rob Robertson
Michael Runyon,Michael Runyon
NOAA,Clinton Dykes
Flowery Branch Police Department,Ricky Whaley
Kerrville Police Department,Jeffery Wayne Robitaille
University of Rochester Department of Public Safety,Joshua McCartan
Bedford County Sheriff's Office,Ronald Chivas-Clayton
Pyrotecnico,Adam Nickerson
Ogunquit Fire Department,Russell F Osgood
Clayton Brown,Clayton Brown
Rainmaker Technology Corporation,Sam Kim
"Eagle-Eye Aerial Solutions, LLC",Samuel Adams
PDW,Wyatt Bowles
Pueblo of Pojoaque Police Department,John Curran
Devin James,Devin James
Brian McEachern,Brian McEachern
Enhanced Patrol LLC,Jonathan Frith
Levit Inc.,Ramasadagopan Periathiruvadi
Eye-bot Aerial Solutions,Chris Dolly
Edge Consulting Engineers,Lucas Fiene
PowderSkiPatrol,John Sohl
Joakim Lauri Aspegren,Joakim Aspegren
Zenith Aerotech,Ian Rosario
Benjamin Silebi,Benjamin Silebi
Shaan Nagra,Shaan Nagra
National Grid Aviation Department,Jon Thies
Matt Bowen,Matt Bowen
Jonathan Quinones,Jonathan Quinones
Rex Jameson,Rex Jameson
Anibal R Soto Anglada,Anibal Soto Anglada
Aerial Illuminations,Niro Senanayake
"Titan Monitoring, Inc.",Thomas Keary
New York Power Authority,Peter Kalaitzidis
HF Sinclair,Raymond Debita
Matthew Stott,Matthew Stott
Saeid Zare,Saeid Zare
Pedro Hernandez,Pedro Hernandez
Frazer Stone,Frazer Stone
Vyanet Operating Group Inc,Charles Karlewicz
Arch Aerial LLC,Julien Alameda
ResilienX Inc.,Angelo Niforatos
"Douglas County Search and Rescue Team, Inc.",Darren Keralla
Advance Entertainment Technologies Inc.,Joseph Suehle
Leidos Inc,Clarence Shockley
Zachary Pruitt,Zachary Pruitt
SwRI - Division 11,Kristen Feight
"LandSkyAI, LLC",Camryn Huff
Raptor Maps Inc.,Andre Louis-Ferdinand
USAR Aerial Arts,Michael Parziale
Alexander Domac,Alexander Domac
Buck Maher,Buck Maher
Jason Toreson,Jason Toreson
Central Arkansas Drone Services LLC,Jerry Youngblood
Minooka Fire Protection District,Matthew Feinberg
"SkyReach Drones, LLC",Ryan White
Bryce Allcorn,Bryce Allcorn
Wiggins Family LLC,Joseph Wiggins
Level Ascent Solutions LLC,Heather Moran
Brett Ratliff,Brett Ratliff
Lyondellbasell,Bryan Salazar
Marc Crawford,Marc Crawford
HSV MW,Nathaniel Forton
Victor Lee,Victor Lee
Sky Elements LLC,Preston Ward
Sky Elements LLC,Preston Ward
American Water,Edward Beckendorf
Orion Skys LLC,Kervin Lareche
Hunter Heimburger,Hunter Heimburger
Christian Villa,Christian Villa
"FlyRoute, LLC",Collin Caffrey
Christopher Smith,Christopher Smith
Timothy Kenny,Timothy Kenny
HF Sinclair,Ezekiel Naifeh
Carl Sporie,Carl Sporie
Cedar Valley High School,Alex Robinson
Austin Butler,Austin Butler
Arkansas Energy and Environment,Jeremy Ramsey
Granite Defense Technologies,Tom Prentice
Airspace Link,Alberto Post
Prince William County Police Department,Samuel Dixon
BLISSdrones,Tyler Bell
Union County Emergency Management,Lee Brannon
Anthony Sam,Anthony Sam
Piedmont Police Department,Michael Clark
Milam County Sheriff's Office,John Helenberg
Racine Police Department,Jacob Ulickey
Commissioners of Public Works of the City of Greenville,Brad Treas
Leidos Inc,Clarence Shockley
ISAR Services,Clarence Shockley
Grand Sky Airfield Operations LLC,Aaron Sykes
Bryce Allcorn,Bryce Allcorn
GBR Drone and Robotics Team (DART),Noel Silva
ISight Drone Services,Jackson Frankenhoff
Addieville Community Fire Protection District,Daniel Savard
Firmatek Team,Lauren Morin
Overhead Intelligence,Roger ONeill
NiSource Corporate Services Company,Bryan Buchelt
Zipline International Inc.,Michael Rigby
Crawfordsville Police Department,Luke McVay
New York City Office of Technology & Innovation,Charles Watts
2A Tactical,Robert Russell
Netarts Oceanside RFPD,Jeff McBrayer
Hex Inc.,Curtis Lary
White Castle Roofing & Contracting,Alex Rourke
Josh Ward,Josh Ward
Justin Padgett,Justin Padgett
Benjamin Buller,Benjamin Buller
Sara McAllister,Sara McAllister
Stephen Arnold,Stephen Arnold
Robert George St. Martin,Robert St. Martin
Firmatek Team,Lauren Morin
Watchung Police Department,Sherif Zaiton
LJA,Robert Wilhite
BGE UAS,Andrew McCauley
FundacionPPPCoronavirus Inc / PRLLasAmericas Inc.,Nelson Traverso
Public Service Company of New Mexico,Jacob Guin
Kennecott Utah Copper LLC,Dylan Bloechel
Nicholas Lototsky,Nicholas Lototsky
Cannon Beach Police Department,Joseph Bowman
Hennepin Healthcare EMS,Tyler Lupkes
Nevada County Sheriff,Dustin Moe
Teays Valley Fire Department,Joseph Puterbaugh
Cass County Emergency Management Agency,Rocky Buffum
Old Lycoming Volunteer Fire Company,Joseph Hope
City of Sartell Public Safety Division,John Lester
Somerset County Sheriff Office,Lemuel White
City of New Bern Aviation Unit,Aaron Williams
Skyland Fire and Rescue,Zach Cicillian
Matt Kleinhans,Matt Kleinhans
Percepto Robotics Inc.,Raviv Raz
Rainmaker Technology Corporation,Sam Kim
Percepto Robotics Inc.,Raviv Raz
Moss Photography,Victor Moss
Northrop Grumman Systems Corporation,Justin Springer
Jeremy Wallace,Jeremy Wallace
Eric Nicolaysen,Eric Nicolaysen
BHE Renewables LLC,Caleb Kiser
Abram Huey,Abram Huey
Xcel Energy,Zachary Roach
James Bond,James Bond
Bryan Tenhet,Bryan Tenhet
Ethan Dorer,Ethan Dorer
Open Sky Productions LLC,Evan Petrie
Baldwin County Sheriff's Office,Jerome Roberts
Blue Vigil,Carl Miller
Govinda Rangan,Govinda Rangan
"Causey Aviation Unmanned, Inc.",Jeffrey Causey
Eyeintheskyllcdroneservices,Sean Snead
Kenneth Jones,Kenneth Jones
Loren Fleisher,Loren Fleisher
Starkville Police Department,Robert Eguires
Stephen Johnson,Stephen Johnson
"Airborne Studios, LLC.",Edward Graham
Joshua Condict,Joshua Condict
Kyle Seppanen,Kyle Seppanen
Robert Eguires,Robert Eguires
Wesley Siegrist,Wesley Siegrist
El Paso County Search and Rescue UAS,Patrick Kerscher
Glide Aerials LLC,Trevor Bryson
Fernando Muzquiz,Fernando Muzquiz
Zipline International Inc.,Michael Rigby
Zipline International Inc.,Michael Rigby
Layton Construction,Austin Lay
Big Sky Fireworks,Ric Almendinger
Angela Stanley,Angela Stanley
Cameron Seaman,Cameron Seaman
BGE UAS,Andrew McCauley
"TraceAir Technologies, LLC",Joel Sherman
Skyfire AI,Bruce Hudson
Denver Water,Ian Oliver
William Moskowitz,William Moskowitz
Evan Manly,Evan Manly
Skyworx Drone Shows,Taylor Woodall
Trevor Valle,Trevor Valle
Surveying Solutions Inc,Timothy McGuire
Cody Clark,Cody Clark
Chad Kettlewell,Chad Kettlewell
BrightWave FX LLC,Aaron Williams
Visual Advantage of Virginia LLC,John Hancock
Mark Kempton,Mark Kempton
Leidos-Dynetics,Tyler Jackson
Bruno Rivera,Bruno Rivera
Tim McGee,Tim McGee
Island Conservation,Austin Hall
"Skymagic US, Inc.",James Blanchard
Beverly Hills Aerials,Michael Izquierdo
TVC Drone Shows LLC,Marc Gersh
"JV Farms, Inc.",Trevor Adams
Kent Moyer,Kent Moyer
Rafael Rivera Garcia,Rafael Rivera Garcia
John Garberson,John Garberson
LuluPepper Media LLC,Randall Langton
Ski Slingsby,Ski Slingsby
Avista Utilities,Nick Lasko
Eli Espinoza Goodman,Eli Espinoza Goodman
Zachary Urioste,Zachary Urioste
Cyberhawk Inc,Scott Lashmit
North Port Police Department,Mike Laden
American Fireworks Company,Roberto Sorgi
Monument Fire,Franz Hankins
"[Amazon.com Services, LLC's](Amazon)",Christopher Morrow
Columbus County Emergency Services UAS Program,Jonathan Juhl
Eugene Police Department,Kyle Williams
Middlesex County Prosecutor's Office,Nicholas Chiorello
Lewisville Vol Fire Department,David Kivett
Dixon Police Department,Mick Geisser
Clinton PD,Joseph Lefebvre
Valley Fire & Rescue,Zachary Adkins
Town of Perinton,John Overacker
Worthington Division of Police,Jeffrey Kubasek
City of Lexington,Tyler Redd
Lauren Hartman,Lauren Hartman
BLiS LLC,Michael Trahan
Matt Dill,Matt Dill
QuadSAT,Tobias Lundby
Gary Richard Williams,Gary Williams
Leidos-Dynetics,Tyler Jackson
LM RMS Owego,Mark Urso
"ONEOK, Inc.",Jim Arrowood
"AG3 Labs, Inc.",Gavin Gardner
Talon Aerolytics,Ryan Robb Joseph
Kraus Hamdani Aerospace Inc,Tim Wells
Avol Inc.,Matthew Sargeant
Danny Wilkey,Danny Wilkey
Grosse Pointe Farms DPS,Michael Ryan
Montgomery County Sheriff's Office,Shelby Curtis
New York State Canal Corporation,Matthew Lengel
John Tremba,John Tremba
Giddings Police Department,William Weems
Laurel Mountain K9 Search and Rescue,Joseph Rhinier
Solano County Sheriff’s Office,Jackson Harris
Jon Rauch,Jon Rauch
Nico Sarafian,Nico Sarafian
FOS Drones LLC,Matt Kalscheuer
"Top Flavor Farms, Inc.",Cesar Avila
Philip Young,Philip Young
Pixis Drones LLC,Brad Nierenberg
Southern California Edison,Robert Ford
James Michael,James Richard
Brandon Karr (DroneSense),Brandon Karr
Falcon Unmanned Systems,Eric Ebert
Christopher Wenner,Christopher Wenner
Jacob Lewis,Jacob Lewis
Flogistix,David Martinez
Ralph Bruce,Ralph Bruce
Jeremiah Wooten,Jeremiah Wooten
Echodyne,Leo Del Castillo
Marathon Petroleum Co,Brandon DuMontier
Adam Fyrer,Adam Fyrer
Anduril Industries,Brad Burnett
Red Bay Police Department,Janna Jackson
Iowa County Emergency Management,Josh Humphrey
Ascending Embers LLC,Jarrett O'Neal
"AT&T Services, Inc.",Arthur Hernandez
Morgan Mill Volunteer Fire Department,Aaron Jones
Americus Police Department,Joshua Greene
Whitestown Metropolitan Police Department,Christopher Fischer
Kraus Hamdani Aerospace Inc,Tim Wells
EDKO LLC,Justin Anderson
Pilot Institute,Jason Wood
SKY LITES LLC,Kyle Gardner
ROAR Over Texas Inc,Oscar Lopez
Northwest PA Aerial Services,Joshua Haney
Lonnie NaVeau,Lonnie NaVeau
Michael Sherman,Michael Sherman
Southern California Edison,Robert John Ford
"SB Flight Training, LLC",Devon Edwards
Anduril Industries,Brad Burnett
Levi Johnson,Levi Johnson
Terabase Energy,Mason McGinty
Las Vegas Metropolitan Police Department,Steve Oscar
Robota LLC,Antonio Liska
Derry Township Police Department,Dennis Eckenrode
Weiqiang Chu,Weiqiang Chu
Dale Mord,Dale Mord
Blip Delivery Inc,Aharon Levi
Lett Aviation,John Lett
Pinnacle Drone Light Shows,John Eric Henry
Dustin Cole,Dustin Cole
Hampton Township Public Safety,Ryan Neveau
City of Whiteville Fire Department,Jeremy Hooks
Normal Police Department,Ethan Weniger
"FlyGuys, Inc.",Luke Butler
Peter Davis,Peter Davis
Bronto,Daniel Landry
Valero Energy Corporation,Ben Lewis
SkyDart LLC,Brandon Abarra-Smith
James Mudd,James Mudd
Gulf Coast Sky Spectra,Justin Flores
Skydio Inc.,Madison Taylor
Thrive SMP /Stone Mountain Park,Paul Creasy
Skydio Inc.,Madison Taylor
"Sentinel Robotic Solutions, LLC",Jason Taylor
OVRAIR,Tyler Friend
JOSEPH,Joseph Ghiorso
"Actualized Business Solutions, Inc.",David Zyga
,Jacob Dell
Autonodyne LLC,Keegan Barrett
3 Eye Media LLC,Ryan DeAmaral
Joaquin Parra,Joaquin Parra
Ian Aguirre,Ian Aguirre
John Anguay,John Anguay
Wing,Chris Jackman
OVRWatch,Rhys Andersen
NC State University,Justin Macialek
Roy Moore,Roy Moore
Nicholas Wong,Nicholas Wong
Jarius Scott,Jarius Scott
Verteel,Brian Monga
Douglas Skrivan,Douglas Skrivan
Thomas L3Harris,Thomas Howe
Boeing sUAS Operations,Richard Bratt
Overhead Intelligence,Roger ONeill
Freeport-McMoRan,Dylan Shorthouse
"Manna Drone Delivery, Inc",Cristian Maury
Chris Pamatian,Chris Pamatian
Justin Padgett,Justin Padgett
Robotic Services,Joseph Boucher
Matternet,Alexander Norman-Elvenich
Zipline International Inc.,Eugene McGuinness
Eric Lynton,Eric Lynton
SKYRUNNER DRONE LIGHT SHOWS LLC,David Swindell
CVE North America Inc.,Ali Yildiz
Joel Galam,Joel Galam
"General Dynamics Information Technology, Inc",Girard Tell
Cameron Grant,Cameron Grant
Air Views Media LLC,Charles Lupton
"Manna Drone Delivery, Inc",Cristian Maury
Swatara Township Fire Dept,John Harlacker
Flying Monster,Jon Graham
Camden Remington,Camden Remington
Anthony Goblirsch,Anthony Goblirsch
Dashaun Duffy,Dashaun Duffy
Drone Express,Russell Kline
Roman Yuferev,Roman Yuferev
Ryan Kolt,Ryan Kolt
Hollywood Drone Kings,Cory Hart
Tyler MacCready,Tyler MacCready
CamDrone,Dale Porter
Osmose Utilities Services,Jonathan Harris
Jim Ray,Jim Ray
Wilbert Fitzgerald,Wilbert Fitzgerald
Swiflite Aircraft Corporation,Dylan Allen
Dov Dukes,Dov Dukes
Springfield Ma Police Department,David Martin
Humboldt County Sheriff's Office,Eric Losey
Shell Pipeline Company,Reggie Wycoff
Helios Visions,Tyler Gibson
"Rising Tide Technology Group, Inc",Matthew Merced
Ryan Swartzlander,Ryan Swartzlander
Ameren,James Pierce
BRINC,Gino Basilotta
Daniel Kaslick,Daniel Kaslick
William Hamblin,William Hamblin
Chase Crouch,Chase Crouch
Wyatt Saborowski,Wyatt Saborowski
"KBR, Inc",Nicholas Stuart
GATX Corporation,Anders Faurholdt
The Ohio Department of Transportation,Daniel Kammer
Nathanael L Harris,Nathanael Harris
Dove Aerial Services LLC,Roy Dove
St. Lucie County Sheriff,Tyson Harrison
Chevron North America,Richard Hurley
Jeremy Okada,Jeremy Okada
Aerovironment Inc.,David Aguilar
DSDrone,Nathan Deremer
Dmitry Lisenskiy,Dmitry Lisenskiy
Kevin Gallegos,Kevin Gallegos
Eric Haggart,Eric Haggart
Daniel Bouchee,Daniel Bouchee
Great River Energy,Andrew Regnier
Energix Renewables,Santos Guerra
West Milwaukee Police Department,Travis Day
Highlands County Sheriffs Office,Glenn Burnsed
Cable News Network,Efrem Nidam
Angelo Fiorini,Angelo Fiorini
Airborne Lens Photography,Sean Flynn
Joshua Marriott,Brian Owens
"Verge, Inc.",Anthony Samaritano
Kraus Hamdani Aerospace Inc,Tim Wells
Anduril Industries,Tyler Sterkel
Dong Won Lee,Dong Won Lee
Air Vision,Scott Currin
SkyGlow Drones,Michael Haygood
Robert Mills,Robert Mills
TomStout,Thomas Stout
Mark Kottke,Mark Kottke
Daniel Sanchez,Daniel Sanchez
"Bella Wings Aviation, LLC",Charlie Hermosa
BCI Entertainment,Andrew Ackmann
LunaLite Drone Show Technologies LLC,Adrian Allen
Milky Way Drones,Sean Kovacs
Sky Harmony,Robert Harmon
NiteBrite Drone Shows,Rik Steenburgh
Electric Sky Drone Shows,Ali Amini
Star Flight Drone Shows,Ryan Ross
"Drone Light Events, LLC",Maryam Nabavi
Illuminaero LLC,James Vautin
Skylight Ads LLC,Keith McCarthy
Thomas Freundl,Thomas Freundl
Air Views Media LLC,Charles Lupton
David Calderon,David Calderon
Cameron Wasser,Cameron Wasser
SkyBridge Tactical,Bryan Andrews
City of Pea Ridge,Claude Langham
Alan Boldt,Alan Boldt
SkyBridge Tactical,Bryan Andrews
Helios Visions,Tyler Gibson
Chad Kantlehner,Chad Kantlehner
Central Arkansas Drone Services LLC,Jerry Youngblood
Daniel Budelier,Daniel Budelier
Arthur Rozzi Pyrotechnics,Eric Diehl
"Dynamic Skies, LLC",Brad Snelling
Fantasy Drone Shows LLC,Brian Anderson
Joseph Tomchick,Joseph Tomchick
Shemuel Yehudah,Shemuel Yehudah
Aerial Animations,Chris Thompson
Kainen Krueger,Kainen Krueger
Hunter Collier,Hunter Collier
Alex Rudolph,Alex Rudolph
City of Federal Way Public Works,Curtis Moser
"The Rozzi Co., Inc",Allen Gerard
Elmdale Aviation Inc.,Rodney Amonett
Aaron Lai,Aaron Lai
Firmatek Team,Lauren Morin
Jonathan Grant,Jonathan Grant
Ismael Quintanilla III,Ismael Quintanilla
Michael Dyrland,Michael Dyrland
RYENT L.L.C.,Matthew Rybar
Houldsworth Management Consulting,Barry Houldsworth
Jason Stomps,Jason Stomps
"Community Oriented Patrol & Security, Inc",Aaron Zeff
Osmose Utilities Services,Jonathan Harris
MLGW,Timothy Smith
Firmatek Team,Lauren Morin
Firmatek Team,Lauren Morin
El Dorado County Search and Rescue Council Inc.,John OKeefe
West Plainfield Fire Protection District,Patrick Fish
Blue Origin LLC,Cody Shafer
Chris Repine,Chris Repine
Michael Ford,Michael Ford
Aerial Prospex LLC,Nino Efendic
El Paso County Sheriff's Office,Robert Damuth
Terabase Energy,Andrew Van Dyke
Pogue Construction,Jonathon Gruenewald
Rochester Institute of Technology,Timothy Bauch
New Age Drone Shows LLC,Christopher Greaves
Regents of the University of California,Eric Delucien
Chris Timme,Chris Timme
Alia Barajas-Chen,Alia Barajas-Chen
AUTONOMOUS DEFENSE TECHNOLOGIES CORP,Michaela Ives
Aevex Aerospace,Jason Rohr
Nathan Bishop,Nathan Bishop
Union Pacific Railroad,Kevin Watts
Union Public Safety Department,Justin Brannon
Eric Deki,Eric Deki
Kyle Cummins,Kyle Cummins
GPTLHB,Craig Grunenfelder
Adam Bosen,Adam Bosen
Nathan Schmitt,Nathan Schmitt
Vincent DeGrado,Vincent DeGrado
David Charles Garrett Jr,David Garrett
Brian Austin,Brian Austin
Omaha Public Power District,Jordan Boetcher
The Aerial Filming Company,James Colucci
Eric Dodson,Eric Dodson
Charles Bullion,Charles Bullion
Garon Atencio,Garon Atencio
James Raymond,James Raymond
"Illuminate Drones, LLC",Jacob Howard
Air Views Media LLC,Charles Lupton
Richard Huntington,Richard Huntington
Dana Evans,Dana Evans
Dominiquebaker,Dominique Baker
Charles Lupton,Charles Lupton
Sky Wonder Drones LLC,Aaron Hoot
Houma Police Department,Keith Craft
Blue Origin LLC,Cody Shafer
Sakponput Pataraveeraphol,Sakponput Pataraveeraphol
Entergy UAS,Jason Goodick
Mason Phillips,Mason Phillips
William Werfal,William Werfal
Riley De Mattos,Riley De Mattos
"Brasfield & Gorrie, L.L.C.",Robert Mancill
Unmanned Vehicle Technologies,Matthew Rybar
"Brasfield & Gorrie, L.L.C.",Robert Mancill
Dale Tropp,Dale Tropp
Northrop Grumman Systems Corporation,Justin Springer
"Clayco, Inc.",Antoine Tissier
MAGEN Chicago,Hiam Naiditch
United Utility AirOps,Christopher Sorrentini
Jonathon Weiss,Jonathon Weiss
Blip Delivery Inc,Aharon Levi
Attollo Defense,Howard Mui
Oxford Police Department,Gerald Lyons
Ash Ahrens,Ash Ahrens
Scott Smith,Scott Smith
Andrew R. Barrera,Andrew Barrera
Christian Ojala,Christian Ojala
CTRL USA,Ian Perry
The Ohio Department of Transportation,Daniel Kammer
DRONISOS,Laurent Perchais
PR FIREWORKS & DRONES INC,Luis Torres
Bolivar Police Department,Chris Wilkerson
Drone Express,Russell Kline
"FlyGuys, Inc.",Luke Butler
Cosmic Drone LLC,You Feng Ou
Hireuavpro.com,Graham Hill
Quantum Flight,Alan Deal
GeoWings L.L.C.,Bert Bossman
Pleasant Hill Police Department,Michael Hurlbut
Arch Aerial LLC,Julien Alameda
Aevex Aerospace,Jason Rohr
Long Valley First Aid Squad,Thomas Sniffen
Steve Marquez,Steve Marquez
Michels Corporation,Mattheus de Waard
Northrop Grumman Systems Corporation,Justin Springer
Malin Hiles,Malin Hiles
Great Lakes Drone Company LLC,Matthew Quinn
ADVEXURE LLC,Travis Waibel
RWE,Mitchell McArthur
"Brasfield & Gorrie, L.L.C.",Robert Mancill
"Precision Drones, Inc.",John Griffin
Rock County Sheriff's Office,Jacob Gardner
Elizabeth Toedt,Elizabeth Toedt
"RedFox Media, LLC",Paul Goodyear
Mietlinski,Mykel Mietlinski
DPR Construction,Nicholas Woehrel
Carnegie Mellon University,Diane Patterson
Dexter Kennedy,Dexter Kennedy
Burbank Cinematics L.L.C.,Bounthaivanh Phanthavong
Amy McGlothlin,Amy McGlothlin
Skylights LLC,Luis Sanchez
Andrew Eckmann,Andrew Eckmann
Jonathan Hidalgo,Jonathan Hidalgo
Anduril Industries,Tyler Sterkel
Dacono Police Department,Brandon Arrick
Anduril Industries,Brad Burnett
Peninsula School District 401,Melissa Benner
Firefly Drone Shows,Kyle Dorosz
Aerial Chicago Videos LLC,Vlad Todea
Dreamworks Drone Shows,Kevin Rice
Brightflight Drone Shows,Thomas Dolan
"Nova Sky Stories, LLC",Evan Webster
University of Maryland UAS Test Site,Grant Williams
Koch Industries Inc,Chris Smith
Eduardo Cid,Eduardo Cid
Trumann Police Dept.,Jude Sawyer
Chad Hankins,Chad Hankins
"Starstruck Drone Shows, LLC",Hal Smith
Alare Technologies LLC,Patrick Ailes
GreenSight Agronomics,James Peverill
Drone Express,Jordan Porlier
Montclair Police Department,Todd Conforti
Great River Energy,Andrew Regnier
Tyton Aviation,Aaron Tyler
StratCom,Andrew Savage
Tristin Castillo,Tristin Castillo
Albert Fields,Albert Fields
New Age Drone Shows LLC,Christopher Greaves
T3i Inc,Shaun Sorensen
Turner Construction,Gary Chapman
GreenSight Agronomics,James Peverill
Amy McGlothlin,Amy McGlothlin
City of North Little Rock,Patrick Thessing
Sherwood Police Department,Jeff Hagar
Robert Roos,Robert Roos
"Community Oriented Patrol & Security, Inc",Aaron Zeff
Jonathan Hurndall,Jonathan Hurndall
Vincent DeGrado,Vincent DeGrado
William M Hamblin,William Hamblin
Kurt Schmidt,Kurt Schmidt
Jeff Casella,Jeff Casella
City of Odenville Police Department,Jonathan Wiggins
Adam Bingham,Adam Bingham
Donald Briggs,Don Briggs
Fernando Chardon,Fernando Chardon
Engineering Automation,Chris Harris
Dodette,Danielle Odette
Moko Drones,Dwight Winston
Vala's Pumpkin Patch & Apple Orchard,Dan McDonald
Aerial Wonder Drones,Caden Hermansen
"Dazzle 'Em Drone Shows, LLC",Stacey Berger
Light Action Productions,Patrick Thompson
Michael Julio,Michael Julio
Craig Kraemer,Craig Kraemer
Brandon Frazier,Brandon Frazier
"Nova Sky Stories, LLC",Evan Webster
Amazing Drone Shows LLC,Jeffrey Ward
Ian Sunny Lake,Ian Lake
Aaron Stuter,Aaron Stuter
Priyan Devapriya,Priyan Devapriya
Aerovironment Inc.,David Aguilar
Airloom Inc.,Jason Johnson
"General Dynamics Information Technology, Inc",Girard Tell
Michael James Bittle,Michael Bittle
Anthony Chuang,Anthony Chuang
Goochland County Sheriff's Office,Kevin Forman
Garon Atencio,Garon Atencio
Kai Hill,Kai Hill
Brett Tiagwad,Brett Tiagwad
MidAmerican Energy Company,Brian Knights
Gabriel Wagner,Gabriel Wagner
Andrew Lollie,Andrew Lollie
David Cherry,David Cherry
Brad Johnston,McMinn County Sheriff's Department
MTA Bridges and Tunnels,Estiward Medina
Peter Keller,Peter Keller
Daniel Fontana,Daniel Fontana
Drone View Services,Wade Olsen
Kieran Christian,Kieran Christian
GreenSight Agronomics,James Peverill
Minneapolis Police Department,Roger Moua
Adam McGhee,Adam McGhee
Mortenson DCS-G+,Nick Kantor
Censys Technologies,Rob Knochenhauer
Ski Slingsby,Ski Slingsby
ISight Drone Services,Jackson Frankenhoff
Gerrittsen Beach Fire Department,Daniel Cavanagh
Massachusetts Dept of Transportation - Aeronautics Division UAS,Christopher Bailey
Unmanned Safety Institute,Devin Allen
Dana Evans,Dana Evans
Alexander Rueter,Alexander Rueter
Andrew Espindola,Andrew Espindola
Rainmaker Technology Corporation,Sam Kim
Gabe Patton,Gabe Patton
Susquehanna Regional Police,Leon Sosnoski
Mequon Police Department,Mark Riley
Friendship Fire Company #2,Carcheri Gingrasso
Bradley Henderson,Bradley Henderson
Glyphix Systems LLC,Manuel Garcia
Anduril Industries,Tyler Sterkel
Charlie Krueger,Charlie Krueger
Justin Padgett,Justin Padgett
Ron Henson,Ron Henson
Andrew Espindola,Andrew Espindola
GreenSight Agronomics,James Peverill
Stephen Warr,Stephen Warr
Zeitview,Stephen Bossert
Tanner Beard,Tanner Beard
AIRWOLF Drones LLC,Wolfgang Weber
Rockbridge Regional Public Safety Communications Center,David Wheeler
Maksym Samoilenko,Maksym Samoilenko
Atlanta Police Foundation,Gregory McNiff
Fowado Technology Group,Joshua Ortiz
Anduril Industries,Tyler Sterkel
Washington County Sheriff's Office,Justin Scott
Nicky Alfieri,Devon Fails
Florida Power & Light Company,Heath McLemore
"Illumin Drone Shows Company, LLC",Christian Ilumin
"Miand, INC.",Kelley Hatfield Turley
Cat Financial,Adam Stockett
Abington Township Police Department,Ryan Duntzee
Tyro Fire Department,Billy Simerson
Freetown Police Department,Scott Rose
Joseph Morey,Joseph Morey
Skye Dreams LLC,Terry Toews
Donald Vaughn,Donald Vaughn
Florida Power & Light Company,Heath McLemore
Celestial Laboratories Ltd,Glenn Reese
Aerial Innovation Solutions LLC,Sean Lucas
University of Texas at El Paso,Michael McGee
"LandSkyAI, LLC",Camryn Huff
"LandSkyAI, LLC",Camryn Huff
The University of Texas at El Paso - Bird Group,John Bird
Sunflower Labs,Alex Pachikov
York County R.O.V.E.R. Team,Kenneth Elliot
Grizzly Entertainment LLC,Iacovos Maifoshis
City of Federal Way Public Works,Curtis Moser
Alare Technologies LLC.,David Webb
William Chase,William Chase
City of Pittston - Bureau of Fire,John Ankenbrand
Pilot Institute,Jason Wood
Cecil Cupid,Cecil Cupid
Agile Images LLC,Howard Gardner
Daniel Fisk,Daniel Fisk
Adhoc Creative House LLC,Mason Hayes
McMinn County Emergency and Rescue Squad INC,Jeremy Moore
Hadrien Perrin,Hadrien Perrin
Texas Drone Company,Jacob Sibert
Atmosphere Drones,Paul Charbonnet
Alaska Remote Imaging,Oliver Cotter Nannestad
Pittsburgh Post-Gazette,Andrew Rush
Alison Miller,Alison Miller
ASARCO,Henry Hernandez
Skydio Inc.,Madison Taylor
Skydio Inc.,Madison Taylor
Skydio Inc.,Madison Taylor
Skydio Inc.,Madison Taylor
Dominion Energy,Tom Butler
Mortenson DCS-G+,Nick Kantor
"Lexicon, Inc.",Andrew Ertzberger
"Lexicon, Inc.",Andrew Ertzberger
"Lexicon, Inc.",Andrew Ertzberger
"Skydio, INC",Tim Baker
Sacramento County Sheriff,Andrew Swift
Flying Lion Inc.,James Richardson
Cleveland Clinic Media Production,Michael Wallace
Klint Krebs,Klint Krebs
Flying Lion Inc.,James Richardson
Skydio Inc.,Madison Taylor
Marlin Troup,Marlin Troup
James Royal,James Royal
Lancaster County Sheriff's Office,Robert Marshall
"Drone The News, Inc",Zachary Huffman
Sara Montgomery Hanson Nicholl,Sara Hanson Nicholl
SAN DIEGO GAS & ELECTRIC,CHRISTINE ASARO
"SB Flight Training, LLC",Devon Edwards
Quantum Systems,Scott Akina
Augusto Medeiros dos Santos,Augusto Medeiros dos Santos
Florida Power & Light Company,Heath McLemore
NASA Ames Research Center,Jonas Jonsson
Caltrans Division of Construction,Aaron Chamberlin
Dylan Arnone,Dylan Arnone
Idaho Power Company,Mike Spengler
Shaun Sorensen,Shaun Sorensen
ERAU UAS-S Research,Nickolas Macchiarella
Phoenix Knight LLC,Robert Schneider
Harris County Sheriff's Office,James Toner
Edward Williams,Edward Williams
"Peter Pan's Backyard Drones, LLC",Blane Townsend
Airspace Experience Technologies,Nandella Penn
Jason Rhee,Jason Rhee
Mitchell R Milavec,Mitchell Milavec
Upper Valley Wilderness Response Team,Thomas Frawley
Derek Dragojevic,Derek Dragojevic
Burlington Volunteer Fire Department,Stephen Michna
Live Nation Entertainment,John Nieman
AASO,Bart Bauer
Alex Nye,Alex Nye
Overhead Intelligence,Roger Oneill
Motor City Electric Utilities,Christopher Binnall
Zipline (Delivery Ops),Eugene McGuinness
Dronescape,Joe Valasquez
"Causey Aviation Unmanned, Inc.",Jeffrey Causey
Justin Rice,Justin Rice
Embry-Riddle Aeronautical University,Joseph Cerreta
MUSSIE HADGU BELAY,MUSSIE BELAY
Sky Elements LLC,Tyler Johnson
Tomahawk Robotics,Darren Higgins
Shell International E&P Inc.,Ross Doak
El Reno Police Department,David Beaty
New England K9 Search & Rescue,Jocelyn Stohl
Concordia Parish Sheriff's Office,Randall Gohn
Montgomery County Sheriff's Office,Samuel Harrison
Brad Garrett,Brad Garrett
Edwin Nunez,Edwin Nunez
Michael Luna,Michael Luna
Ricky J Sturman,Ricky Sturman
Ray Wilkerson,Ray Wilkerson
Eric Alger Bourn,Eric Bourn
SAN DIEGO GAS & ELECTRIC,CHRISTINE ASARO
James Daniel Bieber,James Bieber
Consumers Energy,Benjamin Strandskov
Cape May Aerial Advertising LLC,Jeromie Hunter
Bazar Imagination Group LLC,Michael Cummings
Ameren,James Pierce
SAM LLC,Gary Niemeyer
David Earley,David Earley
Massachusetts Dept of Transportation - Aeronautics Division UAS,Christopher Bailey
Southern Company Services INC,Slade Bridges
Casey Varnum,Casey Varnum
Big Sky Aerial Solutions,Austin Seback
Dallas Township Police Department,Brian Feeney
Drones Made Easy,Brian Yates
Alexander Franca,Alexander Franca
DARPA Triage Challenge,Yunyan Wang
Pulse Drones LLC,Griffin Crown
Eduardo Vargas,Eduardo Vargas
Eric McDermott,Eric McDermott
Osmose Utilities Services,Jonathan Harris
Choctaw Nation of Oklahoma,Marcus Hartman
Chris Randall,Chris Randall
City of Wayland Police Department,Jordan Cadahia
Ocean County Sheriff's Office,Kevin Fennessy
Monroe County Sheriff's Department,James Kirkpatrick
7th Judicial Major Crimes Unit,James Harrington
"AeroTSC, LLC",Alex Kroll
Huron Clinton Metroparks Police,Matthew Rybar
Creative Skies,Rodrigo Serzedello
Intellition LLC,Sam Cutler
FlyLight Drone Shows,Blake Stoltz
Drone Studios,Jeff Stein
Woodway PSD,Jacob Canter
MFE Inspection Solutions,Cody Menchaca
Beyond Brilliant LLC,Josh Krzywonos
Xcraft,JD Claridge
New Hampshire Department of Corrections,Christopher Ward
Christopher Ryan,Christopher Ryan
Kurt Schultz,Kurt Schultz
Larry S Stover Jr,Larry Stover
Henry Hooker,Henry Hooker
Droneshow.com,Jesse Stone
Eric Dole,Eric Dole
Michael Denis Shea,Michael Shea
Brian Austin,Brian Austin
Jeff Schaeffer,Jeff Schaeffer
"Dynamic Perspectives, LLC",David Hill
Thomas Warman,Thomas Warman
Javier Castillo Jr,Javier Castillo
Vernon Hills Police Drone Unit,Andrew Gillespie
Devon Energy,Jared Markes
Steve Goldman,Steve Goldman
Peter Tweed,Peter Tweed
Axon Enterprise,William Sallee
North Salt Lake Police Department,Randon Carter
Clayco Inc,Antoine Tissier
"Nova Sky Stories, LLC",Evan Webster
Campus Sentinel,Eric Grile
Todd County Sheriffs Office,Kyle Drum
Luzerne County District Attorney's Office,Neil Murphy
Pittston City Police Department,Samuel DeSimone
Clatsop County Sheriff's Office,Bruce Scott
American Electric Power,Randy Lowe
Drew Serrette,Drew Serrette
GBR Drone and Robotics Team (DART),Noel Silva
Christian Ojala,Christian Ojala
Rainmaker Technology Corporation,Sam Kim
CamDrone,Dale Porter
Craig Pinto,Craig Pinto
Charles Lupton,Charles Lupton
Corleon Richardson,Corleon Richardson
Moss Photography,Victor Moss
Levi Johnson,Levi Johnson
Dept. of the Army Criminal Investigation Division,Michal Pirog
Chris Hill,Chris Hill
Iron Oak Energy Solutions,Phillip New
Drone On Demand,Patrick McBride
Bennett Schwaab,Bennett Schwaab
"Lexicon, Inc.",Andrew Ertzberger
Thales USA,Sean Roy
Alare Technologies LLC,David Webb
DoorDash,Jim OSullivan
Lockheed Martin,Christina Martinez
Owasso Police,Travis Harris
Santaquin Police Department,Braydon Golding
Oliver Price,Oliver Price
David Sutherland,David Sutherland
City of Charleston Police Department,Scott Newsome
City of Hilliard,Duane Powell
"Lee County, Florida",Dominick Boyd
SkySense AI Inc.,Justin Clune
EDM International,James Dwyer
Sean Qualy,Sean Qualy
James Homan,James Homan
Adam McLain,Adam McLain
Miguel Daly,Miguel Daly
U. S. Aerial Analytics,Andrew Keithly
American Electric Power,Randy Lowe
Blue Vigil,Carl Miller
Ryders Alley,Demian Neufeld
ASARCO,Henry Hernandez
"JERBCO, Ltd.",Justin Bregar
Uday Kumar Sripathi Panditharadhyula,Uday Kumar Sripathi P
David Carreno,David Carreno
James Crutchfield,James Crutchfield
Clinton Beasley,Clinton Beasley
"Harkins Builders, Inc.",Carlos Zuluaga
N. Tonawanda Police Dept.,Bradley Janzen
Folsom Police Department,Kyle Rader
Elmore County Sheriff's Office,Joshua Inman
Charlottesville Fire Department,Chad Bingler
University of Maryland UAS Test Site,Grant Williams
Frontier Precision UAS,Wyatt Robbins
University of Maryland UAS Test Site,Grant Williams
University of Maryland UAS Test Site,Grant Williams
University of Maryland UAS Test Site,Grant Williams
Innovation Center Aeronautics,Daniel Hernandez
"Aerial Pet Recovery, Inc.",Stuart Stakoff
FedEx Express,Joel Murdock
Tomasz Plaza,Anna Plaza
Westminster Schools,Antoinette Boyd
Mario Pleitez,Mario Pleitez
NUAIR Alliance,Eric Fleckten
Pogue Construction,Jonathon Gruenewald
Pogue Construction,Jonathon Gruenewald
Unmanned Vehicle Technologies,Matthew Rybar
Avol,Nathan Poon
Flytrex,Brent Eliason
Matthew Edwards,Matthew Edwards
Chris Mullins,Chris Mullins
New York Power Authority,Peter Kalaitzidis
Eric Thurber,Eric Thurber
Legacy Restoration LLC,Kyle Lautz
Brandon Ricketts,Brandon Ricketts
Tim Ryan,Tim Ryan
Ryders Alley,Demian Neufeld
West York Borough Police Dept.,David Kahley
Delaware State Police,Brett Creasey
COLSA,Christopher Cline
Luca Alexander Schneider,Luca Schneider
Hagen Rottke,Hagen Rottke
DJI,Javier Caina
Zipline (Delivery Ops),Eugene McGuinness
vFR Media LLC,Ryan Schmidt
"Clayco, Inc.",Antoine Tissier
"Clayco, Inc.",Antoine Tissier
Flying Lion Inc.,James Richardson
Eye-bot Aerial Solutions,Chris Dolly
El Paso County Search and Rescue UAS,Patrick Kerscher
Fil Moreno,Fil Moreno
Calloway County Sheriffs Office,Nicky Knight
Tooele County Major Crimes,Nicholas Yale
Richard Gerard Marcus,Richard Marcus
Austin Tompkins,Austin Tompkins
Tomahawk Robotics,Darren Higgins
Moss Photography,Victor Moss
CSX Technology,Patrick Barnett
"Clayco, Inc.",Antoine Tissier
"Clayco, Inc.",Antoine Tissier
The Pennsylvania State University,Lee-Roy Haarhaus
Oregon Ohio Police Division,Eric Weis
Manuel Amador,Manuel Amador
"Nova Sky Stories, LLC",Evan Webster
Chris Mullins,Chris Mullins
Conway Police Department,Shawn Baldwin
Denver Fire Department,Kyle McConnell
"AKDRONE, LLC",Thomas Tapp
Southern Company Services INC,Cody Michaux
Anduril Industries,Brad Burnett
CDM Smith,Michael Lemme
Mount Airy Police Dept.,Brandon Wright
Matternet,Alexander Norman-Elvenich
Reveille Peak Ranch LLC,Aimee Woolsey
Grand Sky Airfield Operations LLC,Dillon Gilmore
Duke Energy Corporation,Patrick Nemecek
Duke Energy Corporation,Patrick Nemecek
The Corradino Group,Scott Cavendish
Capon Springs Volunteer Fire & Resuce,Jacob Kirk
RIT Public Safety,John Potega
New York Power Authority,Peter Kalaitzidis
Zipline (Delivery Ops),Eugene McGuinness
Leidos Inc,Clarence Shockley
University of North Dakota,Paul Snyder
QuadSAT,Tobias Lundby
Mobile Police Department,Paul Callegari
Brookings Police Department,Austin Kreutner
Tomahawk Robotics,Darren Higgins
Fairfax County Police,Brad Woehrlen
Kendall Ware,Kendall Ware
The University of Texas at El Paso - Bird Group,John Bird
Thomas Kirk,Thomas Kirk
Archer Daniels Midland,Alex Powers
Devon Energy,Jared Markes
Jacob Herzog,Jacob Herzog
Christian Stallings,Christian Stallings
Robert H Haskell Jr,Robert Haskell
Flagler County BOCC,Seth Cribben
MachShots.com,Seth Linder
Colorado Springs Police Department,Matthew McLain
Anduril Industries,Brad Burnett
Anduril Industies,Brad Burnett
East Greenbush Police Department,Edward Ashley
Scott Bisher,Scott Bisher
Stanley Johnson,Stanley Johnson
Glen Goldsby,Glen Goldsby
Ted Parker,Ted Parker
James Crutchfield,James Crutchfield
Clayton Smith,Clayton Smith
Andrew Nguyen,Andrew Nguyen
Stephen Byrne,Stephen Byrne
Thomas Greenway,Thomas Greenway
Skaneateles Aerial Drone Photography,Sebastian Ibanez
Ryders Alley,Demian Neufeld
"HawkView Aerial Solutions, LLC",Craig Brewer
Nicole Bryant,Nicole Bryant
W&A Engineering,Michael Olin
Joshua Thurston,Joshua Thurston
James Willson,James Willson
Anthony Tortoriello,Anthony Tortoriello
Liam Wilkins,Liam Wilkins
Granite Construction NV,Donald McMurtrey
Pogue Construction,Jonathon Gruenewald
Alister Devins,Alister Devins
Nicholas Coates,Nicholas Coates
Sebastian Lima,Sebastian Lima
Aevex,Jeff Strebler
Wing,Chris Jackman
"Birdstop, Inc.",Keith Miao
Andrew Karp,Andrew Karp
Donald Davis,Donald Davis
Pima County Sheriff's Department,Troy Kranz
Buchanan County Sheriff’s Office,Jason Lowe
Sunflower Labs,Jeff Dickerson
Matthew M Chizmar,Matthew Chizmar
HighPoint AeroTechnologies,Christopher Lucas
Texas Drone Company,Jared Janacek
The University of Texas at El Paso - Bird Group,John Bird
todd seaman,Todd Seaman
Avista Utilities,Nick Lasko
Daniel Davila,Daniel Davila
Richard McIntyre,Richard McIntyre
Makiya Sol Crochiere,Makiya Crochiere
SKYi Drone Solutions LLC,James Bowes
City of El Paso,Juan Nevarez
vHive Tech Inc,Dylan Cronin
Churchill Five Forks Volunteer Fire Department,Stanley Brothers
Anne Arundel County Police Department,Jeffery Wilson
Bison Aviation LLC,John Atkin
Chad Kantlehner,Chad Kantlehner
Aaron Fedor,Aaron Fedor
Wing,Chris Jackman
Florida Highway Patrol,Robert Dooley
Daniel Burk,Daniel Burk
"American Robotics, Inc.",Brian Grant
Choctaw Nation of Oklahoma,Marcus Hartman
Terry Christensen,Terry Christensen
Michael Grimes,Michael Grimes
Parth Shah,Parth Shah
Vayu Aerospace,Gregory Gillette
Vayu Aerospace,Gregory Gillette
University of Illinois Police Department,Robert Benoit
Cherokee Nation,Cory Keele
Dakota County Sheriff,Sean Qualy
Palm Springs Police Department,Gary Zito
William M Mich Jr,Bill Mich
Aaron Capponi,Aaron Capponi
Newberry Township Police Department,Braxton Ditty
Samuel Maupin,Samuel Maupin
Matt Zahnweh,Matt Zahnweh
Georgia Department of Transportation,Demario Hall
Liberty University,Brayden Johnson
"Dynetics, Inc",Nick Harries
Logan Rouse,Logan Rouse
Ryan Keller,Ryan Keller
Paul Chan,Paul Chan
Zipline International Inc.,Eugene McGuinness
Stuart McAllister,Guy McAllister
Jon Brauer,Jon Brauer
Robert Leone,Robert Leone
J&D Equipment Hauling LLC,Joey Denney
City of Fort Wayne Police Department Air Support Unit,Michael Hickman
Alister Devins,Alister Devins
Hex Inc.,Curtis Lary
James Guetschow,James Guetschow
Robert Hehl,Robert Hehl
Transportation Engineering CoFW,James DeArmond
Leo Davis,Leo Davis
"Carotene, LLC",Marcell Haywood
Derek Steele,Derek Steele
"LandSkyAI, LLC",Tuvi Cohen
Transportation Engineering CoFW,James DeArmond
Sean Qualy,Sean Qualy
Chris Mullins,Chris Mullins
Oklahoma Highway Patrol,Scott Patton
Chesterfield County Police Department,Blaine Davis
GulfSar,Robbyn Ketner
Rochester Institute of Technology,Timothy Bauch
MidAmerican Energy Company,Brian Knights
David Rigg,David Rigg
Sparky's Video Productions,Scott Sorenson
Michael DeMarco,Michael DeMarco
Rensselaer County Public Safety/Sheriff’s Department,Todd Smith
Airspace Link,Alberto Post
DroneDeploy,Joseph Mente
Philipos Erikos Angelopoulos,Philipos Erikos Angelopoulos
Charles Lupton,Charles Lupton
University of Maryland UAS Test Site,Grant Williams
Alejandro Torres Carnero,Alejandro Torres Carnero
Kenneth Lambert,Kenneth Lambert
Samuel Kim,Samuel Kim
Orval Benson,Orval Benson
You Feng Ou,You Feng Ou
Prince George’s County Police Department,Edwin Robertson
gary@ault.cloud,Gary Ault
Thomas Dowell,Thomas Dowell
Rockland Fire & EMS Department,William Pendleton
Muskingum County Sheriff's Office,Tanner Morton
Alisha Noelani Washburn,Alisha Washburn
Eversource Energy,Stephen Michna
Paul Shepard,Paul Shepard
Andrew Arellano,Andrew Arellano
Jason el Moussa,Jason el Moussa
Town of Warrenton Virginia Emergency Management,Johnny Switzer
Vergil Johnson,Vergil Johnson
Zach's Drone Photography/Videoography,Zachary Henderson
Brent Ziegler,Brent Ziegler
Michael McNulty,Michael McNulty
Eric Coppa-Cross,Eric Coppa-Cross
Devon Energy,Jared Markes
Marc Wrolsen,Marc Wrolsen
Joseph Lankford,Joseph Lankford
Matthew Bussman,Matthew Bussman
MAGEN Chicago,Hiam Naiditch
Carlos Herrera,Carlos Herrera
Drone On Demand,Patrick McBride
Alaska Remote Imaging,Oliver Cotter Nannestad
Moss Photography,Victor Moss
Aerius Focus LLC,Suzanne Herring
Austin Sarmiento,Austin Sarmiento
Bayley Chotena,Bayley Chotena
Shell International E&P Inc.,Ross Doak
Jaime Montenegro,Jaime Montenegro
North Central Pennsylvania Unmanned Emergency Services (Dept. 50),Ronald Warren
Montaser Bassiouni,Montaser Bassiouni
New York Power Authority,Peter Kalaitzidis
Rendy Lynn Opdycke,Rendy Opdycke
Joe Polillio Productions LLC,Joseph Polillio
Jeffrey Noreman,Jeffrey Noreman
Gabriel Rivolta,Gabriel Rivolta
Brandan Boynton,Brandan Boynton
David Risner,David Risner
"Hover Solutions, LLC",Stuart Showalter
Richard Eckstein,Richard Eckstein
David Wheeler,David Wheeler
Sam Cornwall Studio,Samuel Cornwall
Estarlin De La Rosa,Estarlin De La Rosa
Sky Candy Studios,Michael Welsh
John Zaenglein,John Zaenglein
PJ Helicopters,Andrew Thayer
kevin doherty,Kevin Doherty
christopher ide,Christopher Ide
Julio Angel Lopez Quintana,Julio Lopez
Brian Stearmer,Brian Stearmer
Bradley Holmes,Bradley Holmes
AMK Films,Aaron Kahn
Trevor Perkins,Trevor Perkins
Jon Dodds,Jon Dodds
Austin Tompkins,Austin Tompkins
Edward Wuillermin,Edward Wuillermin
Alaska Remote Imaging,Matthew Gutacker
Dylan Lynch,Dylan Lynch
Lukas Rudis,Lukas Rudis
wsdurham,William Durham
Jeremy Mannin,Jeremy Mannin
Kyle Sawatzke,Kyle Sawatzke
Steven Jones,Steven Jones
Andre Picard,Andre Picard
Cooperative Energy,Stephen McCain
Eric Miamen,Eric Miamen
"ArgenTech Solutions, Inc.",Rita Castonguay-Hunt
Rion Stephenson,Rion Stephenson
Pyrotecnico,Adam Nickerson
"Peter W. Rulon, LLC",Peter Rulon
Supreme Detailing Services LLC,Stanley Hundley
Gresco,Jim Baker
ReadyMonitor Inc.,Jesse Stepler
Alare Technologies LLC.,Patrick Ailes
Charles Graphman,Charles Graphman
Eric Wang,Eric Wang
Jack Hawkins,Jack Hawkins
Colorado Springs Utilities,Paul Clifton
Kary Wall,Kary Wall
Robert Hart,Robert Hart
Gary Goodloff,Gary Goodloff
Joshua Inman,Joshua Inman
COLSA,Christopher Cline
Horizon Adventure Drone Services,Daniel Barkhuizen
"TPS At Fort Mac, LLC",Christian Cherniak
Ned Stacey,Ned Stacey
Carlton R Lewis,Carlton Lewis
Jarod James Wescott,Jarod Wescott
Adrian Pueyo,Adrian Pueyo
Massachusetts Dept of Transportation - Aeronautics Division UAS,Christopher Bailey
Caltrans Division of Construction,Aaron Chamberlin
Harry Simpson,Harry Simpson
Justin Hugge,Justin Hugge
Jim Ray,Jim Ray
"Titan Monitoring, Inc.",Ryan Smith
ExxonMobil,Jonathan Cain
LuluPepper Media LLC,Randall Langton
Steve Riley,Steve Riley
"Skymagic US, Inc.",James Blanchard
Kent State University,Jason Lorenzon
Disney/ABC News,"Jim Blanchard, ScD"
Frontier Precision UAS,Wyatt Robbins
BPope Productions,Brandon Pope
Christopher Underwood,Christopher Underwood
James Schmalbach,James Schmalbach
Orchard Park Fire District,Wilhelm Aubrecht
Alare Technologies LLC.,Patrick Ailes
Valentine Brand,Robert Valentine
Pender EMS and Fire,Noah Hoffer
Montgomery County Emergency Management Agency,Brian Hamman
North Middleton Fire Company,Garth Fanus
East Madison Fire Territory,Josh Hendrick
"FINES AERIAL IMAGING, LLC",Stephen Fines
John Harding,John Harding
Christopher Swiatek,Christopher Swiatek
James Karp,James Karp
Edward Esmao,Edward Esmao
Gregory Whitlock,Gregory Whitlock
Austin Diotte,Austin Diotte
John Apkarian,John Apkarian
Regents of the University of California,Brandon Stark
"Enable Creative, LLC",Jake Butters
Andrew Stauffer,Andrew Stauffer
Unmanned Vehicle Technologies,Matthew Rybar
Justin Ostrander,Justin Ostrander
Stephen M Gardner,Stephen Gardner
James Billue,James Billue
BZ Aerial,Robert Ziady
Maximilian Goessing,Maximilian Goessing
RTX BBN,Aaron Adler
Troy Sakihara,Troy Sakihara
Zeitview,Jesus Caballero
Curt Fargo,Curt Fargo
Rick Poyner,Rick Poyner
John Vasilenko,John Vasilenko
Michael Holzwarth,Michael Holzwarth
Michal Gabryel,Michal Gabryel
Dax Neal,Dax Neal
DANIEL SANCHEZ,Daniel Sanchez
"Phoenix Air Unmanned, LLC",William Lovett
"Lucky Drone Services, LLC",Jeremy Irish
John Cannon,John Cannon
Andrew Graziano,Andrew Graziano
Tavian Garrett,Tavian Garrett
The Aerial Filming Company,James Colucci
Distro 10 Inc.,Alan Shamoun
Datapoint,Michael Wight
"Skymagic US, Inc.",James Blanchard
Chandler Tingle,Chandler Tingle
Hunter Heimburger,Hunter Heimburger
New Media Studio,Douglas Kivett
"J3 Company, LLC",Austin Sissom
Anthony Piersanti,Anthony Piersanti
Robert Ward,Robert Ward
MAGEN Chicago,Hiam Naiditch
John Anthony,John Anthony
Kerry Snyder,Kerry Snyder
Paul Sweigert,Paul Sweigert
Walker Consultants,Ryan Griffin-Stegink
Michele Baker,Michele Baker
Kevin Chu & Jessica Paul LLC,Kevin Chu
Flytrex,Brent Eliason
Antonio Aguilar,Antonio Aguilar
Lucas Velozo,Lucas Velozo
American Electric Power,Randy Lowe
City of Merced IT,Jeffrey Kazmierski
Gavin Smith,Gavin Smith
Tim Michalak,Timothy Michalak
Benjamin Hardt,Benjamin Hardt
John Harlacker,John Harlacker
Michael Brian Erwin,Michael Erwin
Antonio Tur,Antonio Tur
Oregon State Police,William Bush
BE&K Building Group,Christopher Champion
kemper powell,Kemper Powell
Joshua Wright,Joshua Wright
Collin O’Malley,Collin O’Malley
Geoffrey Wayne Gaskell Sykes,Geoffrey Sykes
Steven Kukuruza,Steven Kukuruza
NW Tech Geek,Dale Hylton
Sunflower Labs,Alex Pachikov
Timothy Ellis,Timothy Ellis
Daniel Burk,Daniel Burk
Jay Blankenfeld,Jay Blankenfeld
Edward C. Robison III,Edward Robison
Woodway PSD,Ruben DeLeon
John Dancy,John Dancy
Sky Elements LLC,Preston Ward
Evan Cobb,Evan Cobb
Mark Murry,Mark Murry
JOHN MARK WHITE,John White
Charles Gantt,Charles Gantt
Gustavo Canales,Gustavo Canales
Franklin Byers,Franklin Byers
Dylan Collins,Dylan Collins
LJA,Robert Wilhite
Northwestern Michigan College,Tony Sauerbrey
Tucker Nelson,Tucker Nelson
Wyatt Reviglio,Wyatt Reviglio
Greg Schulz,Greg Schulz
Skip Fredricks,Skip Fredricks
Integrated Solutions for Systems Inc.,Christian Hargrove
BG Boyd Photography,Brian Boyd
BPope Productions,Brandon Pope
Dylan Collins,Dylan Collins
Censys Technologies,Rob Knochenhauer
Chad Studer,Chad Studer
BGE UAS,Andrew McCauley
Joseph Mazzola,Joseph Mazzola
Michele Adams,Michele Adams
Terrence Martin,Terrence Martin
FAA Flight Program Operations,Autumn Alderdice
Hans Larson,Hans Larson
Andrew Tasakos,Andrew Tasakos
Parsons Corp,Jeffrey Hong
Mid Ohio Valley Enterprises LLC,Gabriel Richmond
William Lott,William Lott
Hrant Gulesserian,Hrant-George Gulesserian
Terrance Merrell,Terrance Merrell
American Electric Power,Randy Lowe
William Brooks,William Brooks
JHUAPL (Johns Hopkins Applied Physics Lab),Garrett Krol
AirFoxPhotographyLLC,John Buvala
AirFoxPhotographyLLC,John Buvala
Kevin Cottle,Kevin Cottle
4 Focus Sake,Jack Williford
Dominion Energy,Tom Butler
Derk Smith,Derk Smith
Joshua Beyer Wingell,Joshua Wingell
Leonard Feinberg,Leonard Feinberg
ShadRack Minor,ShadRack Minor
Arthur Rose,Arthur Rose
Verizon Aviation,Todd Davis
Polly Amanda Estepp,Polly Estepp
Karry Jones,Karry Jones
Tim Hacker,Tim Hacker
Samuel Hill,Samuel Hill
James Van Booven,James Van Booven
Craig Hall,Craig Hall
Boeing sUAS Operations,Richard Bratt
Steven Edward Peck Jr,Steve Peck
Thomas Obarski,Thomas Obarski
"107.39, 107.145",Daniel Hair
"Picture Factory, Inc.",Craig Peterschmidt
Kent Moyer,Kent Moyer
Gerald Savage,Nick Savage
Matt Mauch,Matt Mauch
Digital Fate Cretive,James Bruning
Michael Lilley,Michael Lilley
Edward Ashley,Edward Ashley
Andrew Bott,Andrew Bott
Richard Surace,Richard Surace
Scott Douglas Malonson,Scott Malonson
Christopher Underwood,Christopher Underwood
Bryan Kremkau,Bryan Kremkau
Alan Blakeney,Alan Blakeney
Omaha Public Power District,Jordan Boetcher
Live Nation Entertainment,John Nieman
Matthew Evans,Matthew Evans
Carl Mantell,Carl Mantell
Leo Krom,Leo Krom
Troy Pearce,Troy Pearce
Pyro Spectaculars,Richard Souza
John C Riggs,John Riggs
Max Moerles,Max Moerles
Joseph Severson,Joseph Severson
Mark Mondello,Mark Mondello
Bradley Dauberman,Bradley Dauberman
James Reavis,James Reavis
Angel City Aerials LLC,Matt Dutcher
Aerial Imaging LLC,Donald Vick
Chad Howard,Chad Howard
Cheuk Him Ng,Cheuk Him Ng
Mark Beck,Mark Beck
Kenneth Bouvier,Kenneth Bouvier
Timothy Butler,Timothy Butler
cmaidi,Chabane Maidi
"Skymagic US, Inc.",James Blanchard
Brandon Shane Cunningham,Brandon Cunningham
Terry Gee,Terry Gee
Franklin Wayne Bailey,Franklin Bailey
Desiree Ekstein,Desi Ekstein
David Figueroa,David Figueroa
Nancy Tryon,Nancy Tryon
Archer Daniels Midland,Alex Powers
Christopher Rutledge,Christopher Rutledge
BoomPix LLC,Joseph Ambrose
Aaron David Parecki,Aaron Parecki
Mark Robinson,Mark Robinson
Michael Main,Michael Main
Flying Lion Inc.,James Richardson
Middle Tennessee State University,Kevin Corns
Parker Golden,Parker Golden
Summit Productions LLC,Stephen Campeau
Keith Aubin,Keith Aubin
Michael Ware,Michael Ware
Josh Kolonia,Josh Kolonia
Erik Johnson,Erik Johnson
Steven Cochran,Steven Cochran
"Lucky Drone Services, LLC",Jeremy Irish
SHPR Co. (dba Fliteworks),George Moe
Nathan Smith,Nathan Smith
Brett Koppes,Brett Koppes
Ryan Rash,Ryan Rash
Justin Steele,Justin Steele
Shawn Avery,Shawn Avery
Craig Smith,Craig Smith
My 107,Robert Robles
Caltrans Division of Construction,Aaron Chamberlin
Flying Robot Aerials,Saunders Staley
Michael Mosser,Michael Mosser
Mark Kempton,Mark Kempton
Duane Hellums,Duane Hellums
Carolina Drone Academy,Jeff Hemming
William Deaton,William Deaton
Nicholas Kakavitsas,Nicholas Kakavitsas
Hudson Valley Drones,Keith Perry
Alaska Remote Imaging,Oliver Cotter Nannestad
Travis Miner,Travis Miner
Wilhelm Aubrecht,Wilhelm Aubrecht
Daniel Moosbrugger,Daniel Moosbrugger
"ReadyMonitor, LLC",Jesse Stepler
Pilot Lens,Tylor Cody
Jordan,Jimmy Jordan
Paul Sweigert,Paul Sweigert
TAV Services Inc.,Travis Bell
Mikael Asfoor,Mikael Asfoor
Carl Vanderweyden,Carl Vanderweyden
Xcel Energy,Thomas Stegge
Daryl Back,Daryl Back
Daniel Baek,Daniel Baek
David Beaty,David Beaty
Keith Rosentreter,Keith Rosentreter
City of El Paso,Juan Nevarez
Brent Polite,Brent Polite
John C Bunch,John Bunch
Albert De La Mora,Albert De La Mora
Elliot Gould,Elliot Gould
Dax Neal,Dax Neal
Aaron Goodman,Aaron Goodman
Phillip Michael Perez,Phillip Perez
Phillip Michael Perez,Phillip Perez
Chris Teal,Chris Teal
Matthew Boyd,Matthew Boyd
Richard Shipley,Richard Shipley
William Daugherty,William Daugherty
Justin Jung,Justin Jung
Alaa Semaka,Alaa Semaka
Cameron Goldberg,Cameron Goldberg
Skip Fredricks,Skip Fredricks
Carl Jackson,Carl Jackson
John Launderville,John Launderville
Ned Stacey,Ned Stacey
David Buky,David Buky
Richard Mojeiko,Richard Mojeiko
David Penquite,David Penquite
"Northlight Studio, Inc.",Michael Moenning
Andrew Weinzierl,Andrew Weinzierl
AirFoxPhotographyLLC,John Buvala
Thomas Dowell,Thomas Dowell
Remote Optix Inc.,Stanislav Khlevner
CTX Drone Services,Joseph Anthony
Brian Steiner,Brian Steiner
Darrien Henning,Darrien Henning
David Lee Mozley,David Lee Mozley
"The Flying Jib, LLC",Scott Barrish
Brian Boyd,Brian Boyd
Tyler Rash,Tyler Rash
Ruslan Koval,Ruslan Koval
Joseph Fazioli,Joseph Fazioli
Armando Arviso,Armando Arviso
Fernando del Cid,Fernando del Cid
RoseAnn Castro-Denton,RoseAnn Castro-Denton
RoseAnn Castro-Denton,RoseAnn Castro-Denton
"Drone The News, Inc",Zachary Huffman
Lonnie Valencia,Lonnie Valencia
Jordan Loy,Jordan Loy
Roberto Medina,Roberto Medina
David Buky,David Buky
Steve Fellers,Steve Fellers
Daniel Snyder,Daniel Snyder
David Butts,David Butts
William Healy,William Healy
Creative Images LLC,Darrell Boeck
Adrik Brashear,Adrik Brashear
Francisco Gamino Valdes,Francisco Gamino Valdes
Aaron B Hergenreder,Aaron Hergenreder
UPS Flight Forward Inc.,Michael Ralich
Charles McNulty,Charles McNulty
Brian Waits,Brian Waits
Troy Moss,Troy Moss
Jason Lindenmuth,Jason Lindenmuth
University of Maryland UAS Test Site,Darren Robey
Bechtel,Keaton Denzer
Amy McNeely,Amy McNeely
Peter Schlesinger,Peter Schlesinger
Duane Ingersoll,Duane Ingersoll
Mark Mayo,Mark Mayo
Patrick Krohn,Patrick Krohn
James Pinkston,James Pinkston
"The Ohio State University, Engineering Technology Services",Mark Bolin
AeroSpect Inc.,Edward Kostakis
Anny Chitamnath,Andy Chitamnath
ALDOT,Michael Kyser
Javier Garcia-Rodriguez,Javier Garcia-Rodriguez
Renegade Labs Entertainment Inc.,William Ramey
Sunflower Labs,Alex Pachikov
"Rantizo, Inc.",Danny Fobian
AirFoxPhotographyLLC,John Buvala
AirFoxPhotographyLLC,John Buvala
Teddy Lawing,Teddy Lawing
SKYSTAGE,Matthew Quinn
Jack Hawkins,Jack Hawkins
David Ziegler,David Ziegler
Ron Heerkens Jr,Ronald Heerkens
Hawaiian Electric Companies,Cullen Chong
Turner Construction,Gary Chapman
"American Robotics, Inc.",Brian Grant
Southern Company Services INC,Cody Michaux
Shahin Shahpar,Shahin Shahpar
Alex Vander-Starre,Alex Vander-Starre
Gaetano Antonellis,Gaetano Antonellis
DRONISOS,Laurent Perchais
Dong Won Lee,Dong Won Lee
Brent Bear,Brent Bear
Gaetano Antonellis,Gaetano Antonellis
Alexander Corner,Alexander Corner
Brett Jensen,Brett Jensen
Beverly Hills Aerials,Michael Izquierdo
Erica Neves,Erica Neves
ASARCO,Beverly Furfaro
SEAKdrones LLC,Dennis Sylvia
Nightingale Security,Kyle Roh
James Tracy,James Tracy
Pasco County Sheriff's Office,John Kuch
William Sprague,William Sprague
Eric Pokorny,Eric Pokorny
Cory Humak,Cory Humak
Gaetano Antonellis,Gaetano Antonellis
"Nine Ten Drones, LLC",Paul Rossi
AirFoxPhotographyLLC,John Buvala
Southern Company Services INC,Cody Michaux
AirFoxPhotographyLLC,John Buvala
AirFoxPhotographyLLC,John Buvala
Grand Sky Airfield Operations LLC,Jeffrey Spaeth
Lockheed Martin Aeronautics Company,Justin Blassingame
Ryzein LLC,Finn Johnson
FirstEnergy,Todd Fite
Justin Merrill,Justin Merrill
Paul Chau,Paul Chau
Unmanned Vehicle Technologies,Matthew Rybar
Aarish Panjwani,Aarish Panjwani
Daniel Barker,Daniel Barker
Charles Lupton,Charles Lupton
Derek Slayton,Derek Slayton
Ryan Mason,Ryan Mason
Pburke,Peter Burke
"Global Investigations, Incorporated",Matthew Seavey
Lars Larsen,Lars Larsen
David Buky,David Buky
Pilot Institute,Jason Wood
Unmanned Vehicle Technologies,Matthew Rybar
Chicago Drone Company,Razvan Sera
Celestial Drone Shows,Michael Downs
Warren County Community College,William Austin
Ken Schell,Ken Schell
Caleb Streit,Caleb Streit
Michael Thoreau,Michael Thoreau
Melissa Ellis,Melissa Ellis
Logan,Logan Ellis
City of Goshen Engineering Dept,Boston Snyder
Donald Jones,Donald Jones
Chris Esposito,Chris Esposito
Unmanned Vehicle Technologies,Matthew Rybar
Juneisy Hawkins,Juneisy Hawkins
Stephen Gilbert,Stephen Gilbert
Brian Bartolome,Brian Bartolome
Andrew Ohlson,Andrew Ohlson
Jacob Andrew Wood,Jacob Wood
"HawkView Aerial Solutions, LLC",Craig Brewer
Perez256,Christian Hargrove
"Birdstop, Inc.",Keith Miao
Ryan McCormick,Ryan McCormick
"Northlight Studio, Inc.",Michael Moenning
Pilot Institute,Jason Wood
Matthew Gutacker,Matthew Gutacker
Sky Elements LLC,Preston Ward
Matthew Gozzard,Matthew Gozzard
AgriBugs LLC.,Darren Rajendranath
Innovation Center Aeronautics,Daniel Hernandez
"Dynetics, Inc",Tyler Jackson
American Electric Power,Kenner Prillaman
Cyberhawk Inc,Scott Lashmit
Department of Aviation,Thomas Sugahara
Ryzein LLC,Finn Johnson
DRONISOS,Laurent Perchais
EpiSci,Rohit Pillai
Aurora Flight Sciences,Peter Cooke
Florida Power & Light Company,Eric Schwartz
AirFoxPhotographyLLC,John Buvala
A-Cam Aerials,Thomas Sugahara
American Bird Conservancy,Adam Knox
Lockheed Martin - MFC,Christopher Westmoreland
TrainND,Kenley Nebeker
Alare Technologies LLC.,David Webb
CDM Smith,Brendan Brown
HAWK Photogrammetry Record Technologies Inc,Stephen Philip
SHPR Co.,George Moe
Timothy Barnett,Timothy Barnett
Lockheed Martin - MFC,Christopher Westmoreland
"DST, LLC",Michael Roach
University of Alaska Fairbanks,Nicholas Adkins
"Dynetics, Inc",Nick Harries
University of Maryland UAS Test Site,Darren Robey
Big Sky Aerial Solutions,Austin Seback
Rochester Institute of Technology,Timothy Bauch
PJ Helicopters,Jesse Gibbon
Seiler Instrument,Travis LeMoine
Frontier Precision UAS,Wyatt Robbins
"Skymagic US, Inc",James Blanchard
Joseph Piazza,Justin Springer
Electric Power Research Institute (EPRI),Dexter Lewis
OAIRE,Chris Swan
Nutrien Ag Solutions,Dustin Polasek
Andrew Karp,Andrew Karp
DJI,Javier Caina
Freeport-McMoRan,Dylan Shorthouse
AirFoxPhotographyLLC,John Buvala
AirFoxPhotographyLLC,John Buvala
AirFoxPhotographyLLC,John Buvala
ComEd,Victor Migliore
Bayer North America,Jordan_Pernikoff
Xcel Energy,Thomas Stegge
Freeport-McMoRan,Dylan Shorthouse
DroneUp LLC,Sky Andrew
Freeport-McMoRan,Dylan Shorthouse
Freeport-McMoRan,Dylan Shorthouse
Davey Resource Group,Rachel Miller
El Paso Department of Aviation,Juan Nevarez
Maurilio Espinoza,John Julius
Massachusetts Dept of Transportation - Aeronautics Division UAS,Jeffrey DeCarlo
Michael Haygood,Michael Haygood
TVA UAS,Zackary Whittle
Zipline International Inc.,Eugene McGuinness
Tempest Droneworx,Dana Abramovitz
Warren County Community College,William Austin
417 Drone Imaging LLC,William Preston
COLSA,Christopher Cline
COLSA,Christopher Cline
OAIRE,Emalee Hough
New York Power Authority,Peter Kalaitzidis
East Central Energy,Kyle Palmer
Pilot Institute,Jason Wood
Asylon,Brent McLaughlin
Freeport-McMoRan,Dylan Shorthouse
Freeport-McMoRan,Dylan Shorthouse
Freeport-McMoRan,Dylan Shorthouse
HighPoint AeroTechnologies,John McClelland
"Illuminate Drones, LLC",Jacob Howard
Duke Energy Corporation,Patrick Nemecek
Big Sky Aerial Solutions,Austin Seback
Frontier Precision UAS,Wyatt Robbins
"American Robotics, Inc.",James Gonzalez
"American Robotics, Inc.",Brian Grant
"Robotics 88, Inc.",Erin Linebarger
ADT Mobile Security,Sebastian Voges
Skydio Inc.,Gregory Bushey
Data Blanket,Gur Kimchi
ESAero_BH,Braden Henderson
NUAIR Alliance,Tony Basile
Choctaw Nation of Oklahoma,Marcus Hartman
Caltrans Division of Construction,Aaron Chamberlin
"Hawkinson Aerial Photography, LLC",Bridger Hawkinson
Caltrans Division of Construction,Aaron Chamberlin
Data Blanket,Gur Kimchi
The Ohio Department of Transportation,Daniel Kammer
Zipline International Inc.,Eugene McGuinness
Eversource Energy,Stephen Michna
Eversource Energy,Stephen Michna
Zipline International Inc.,Eugene McGuinness
SHPR Co. (dba Fliteworks),George Moe
Watts Innovations Inc.,Gabe Rivolta
Jim Ray Christopherson,Jim Christopherson
Warren County Community College,Adam Kyle
PegaPod LLC,Randall Bostick
Amazon.com Services LLC,Sorin Leica
Valmont,Brad Wood
Nucor Steel West Virginia,James Siler
"Gary Wayne Mays, Jr.",Gary Mays
Percepto Robotics Inc.,Raviv Raz
CSU Drone Center,Christopher Robertson
Xcel Energy,Thomas Stegge
American Water,Christopher Kahn
Anthony Simek,Anthony Simek
Steiner Drone Photography,Brian Steiner
Dong Won Lee,Dong Won Lee
Live Nation Entertainment,John Nieman
Joseph Piazza,Luke Piazza
A-Cam Aerials,Thomas Sugahara
"Matador UAS Logistics, LLC",Catherine Self
BNSF Railway,Brent York
Manifold Robotics,Jeffrey Laut
"Percheron Professional Services, LLC",Jeff Wilkie
Anthony Simek,Anthony Simek
"ReadyMonitor, LLC",Jesse Stepler
Xcel Energy,Thomas Stegge
EpiSci,Rohit Pillai
Essential Aero,Steve Boyle
Choctaw Nation of Oklahoma,Marcus Hartman
Virginia Polytechnic Institute & State University,Zach Wehr
Pixel Swarm Drones LLC,Carlos Pena
"AECOM Technical Services, Inc",Matthew Nanney
"RDARS, Inc.",Jason Braverman
University of Alaska Fairbanks,Nicholas Adkins
Woolpert Inc.,Ethan Schreuder
417 Drone Imaging LLC,William Preston
Just Aerial Application LLC,Michael Miller
Skydio Inc.,Nicole Bonk
Pilot Institute,Jason Wood
"SkySkopes, Inc.",Mike Johnson
Remnant Technology Inc,Joel Jones
Keith Howard,Keith Howard
Areion UAS,John Huguley
BGE UAS,Andrew McCauley
EDKO LLC,Chase Atwood
Skydio Inc.,Nicole Bonk
Davey Resource Group,Rachel Miller
ComEd,Victor Migliore
Florida Power & Light Company,Eric Schwartz
Caltrans DOC,Aaron Chamberlin
Washington State Department of Corrections,Jamison Roberts
JOSEPH,Joseph Ghiorso
North Carolina Department of Transportation,Thomas Walls
Skydio Inc.,Nicole Bonk
Jarod Wilson,Jarod Wilson
Influential Drones LLC,David Krause
Flock Safety,Cameron Whiteman
ERAU UAS-S Research,Nickolas Macchiarella
Jose Leandro,Jose Leandro
"Birdstop, Inc.",Keith Miao
Texas Department of Public Safety,Jason Day
Texas Department of Public Safety,Jason Day
"Westwood Professional Services, Inc",Mark Treon
Aerodyne Measure,Andres Justicia
Phillip Spiess,Phillip Spiess
BNSF Railway,Brent York
"Skydio, Inc.",Rodney Murray
Areion UAS,John Huguley
Daniel Puebla,Daniel Puebla
COLSA,Christopher Cline
Austin Seback,Austin Seback
Joseph Piazza,Luke Piazza
Xcel Energy,Thomas Stegge
Asylon,Brent McLaughlin
Xcel Energy,Thomas Stegge
Mark Murry,Mark Murry
Phillip A.B. McCoy,Phillip McCoy
BGE UAS,Andrew McCauley
Nicholas Smith,Nicholas Smith
Southern Company Services INC,Daniel Humphries
AirFoxPhotographyLLC,John Buvala
Julia Leidholt,Julia Leidholt
Aerodyne Measure,Andy Justicia
Tesla Inc,Alistair Weddell
SkyBridge Tactical,Bryan Andrews
Asylon,Brent McLaughlin
Areion UAS,John Huguley
Jason Colip,Jason Colip
Aims Community College,Jacob Marshall
Swiflite Aircraft Corporation,Dylan Allen
Moss Photography,Victor Moss
Moss Photography,Victor Moss
"Chustz Surveying, LLC",Mason Dupre
"Chustz Surveying, LLC",Mason Dupre
"Drone Arrival, Inc.",Helen Pukszta
"American Robotics, Inc.",Vijay Somandepalli
InDro Robotics Inc.,Phillip Reece
Troy Havens,Troy Havens
A-Cam Aerials,Thomas Sugahara
carsonmorgan,Carson Morgan
"G.S. Long Co., Inc.",Jeffrey Allen
Thomas Swoyer,Thomas Swoyer
Asylon,Brent McLaughlin
Zipline (Delivery Ops),Joseph Marshall
DRL,Laura MacFie
AviSight,William ODonnell
Eric R Turner,Eric Turner
"Hoverfly Technologies Inc,",Michael Miranda
Electric Power Board of Chattanooga,Gregory Phillips
Skydio Inc.,Nicole Bonk
Koch Industries Inc,Tim Shanfelt
Iris Automation,Cheryl Contreras
Koch Industries Inc,Tim Shanfelt
"Bye UAS, INC",Hannah Goelz
Jonathan Sheairs,Jonathan Sheairs
Valmont,Joseph George
AirFoxPhotographyLLC,John Buvala
"Alliance Engineering + Planning, LLC",Robert Wilhite
Southern Company Services INC,Johnathan Hitchcock
Soaring Eagle Technologies,Noah Ruiz
The MITRE Corporation,Carrie Rebhuhn
Joseph Piazza,Luke Piazza
carsonmorgan,Carson Morgan
Valmont,Joseph George
Censys Technologies,Rob Knochenhauer
Davey Resource Group,Rachel Miller
Evergy,Michael Kelly
Parabug LLC,Kevin Hill
Weather Modification LLC,Alex Sailsbury
Thomas Walls,Thomas Walls
Jane Huang,Jane Cleland-Huang
Asylon,Brent McLaughlin
Franklin Precision Drone Application LLC,Casey Heaton
Pace Engineering,James Litts
American Water,Christopher Kahn
Kansas State University,Spencer Schrader
42air,Russell Randol
"Filmko Studios, LLC",Jacob Howard
Fortis Construction,Carlos Sanchez
"Delek US Holdings, Inc.",Grigor Bambekov
"Delek US Holdings, Inc.",Grigor Bambekov
Amazon.com Services LLC,Richard Sparks
New Jersey Transit Corporation,Andrew Schwartz
Colby McMillin,Colby McMillin
Asylon,Brent McLaughlin
SkyBridge Tactical,Bryan Andrews
BearCountry,Andrew Ackmann
Northern Plains UAS Test Site,Erin Roesler
Treeswift,Ian Cameron
Jason Beim,Jason Beim
Unmanned Safety Institute,Devin Allen
Massachusetts Dept of Transportation - Aeronautics Division UAS,Jeffrey DeCarlo
"BlueSky Aviators, LLC",Scott Fore
Iris Automation,Cheryl Contreras
Scott Currin,Scott Currin
Zipline (Delivery Ops),Joseph Marshall
Zipline International Inc.,Maxime St-Maurice
